combined_rule	sample	rule	s	h:m:s	max_rss	max_vms	max_uss	max_pss	io_in	io_out	mean_load	cpu_time	hostname	ip	nproc	cpu_efficiency	instance_type	region_az	spot_cost	snakemake_threads	task_cost	rule_prefix	rule_suffix
sent.gatk.bsqr-I30x_HG003_grapev1_0.	I30x_HG003_grapev1_0.	sent.gatk.bsqr	1411.8513	0:23:31	34070.6	75677.14	23170.78	23176.1	14720.34	81139.8	2486.34	24.23	i192mem-dy-all-4	10.0.1.167	192	0.0172	m7i.metal-48xl	us-west-2d	2.7675	192	1.085361	sent	gatk.bsqr
sent.deep19.17-I30x_HG003_grapev1_0.	I30x_HG003_grapev1_0.	sent.deep19.17	233.3583	0:03:53	30799.67	523993.86	19497.47	19870.76	656.84	0.4	2955.97	2166.11	i192-dy-all-12	10.0.1.220	192	9.2823	m7i.metal-48xl	us-west-2d	2.7675	42	0.039242	sent	deep19.17
sent.deep19.16-I30x_HG003_grapev1_0.	I30x_HG003_grapev1_0.	sent.deep19.16	283.0284	0:04:43	31595.48	506872.82	19342.79	19718.56	575.14	0.42	3358.85	2339.02	i128-dy-c6gb256-3	10.0.1.74	128	8.2643	c6i.32xlarge	us-west-2d	1.4618	42	0.03771	sent	deep19.16
sent.deep19.15-I30x_HG003_grapev1_0.	I30x_HG003_grapev1_0.	sent.deep19.15	227.7723	0:03:47	30544.07	495323.42	19232.96	19607.1	660.01	0.39	2626.85	1763.12	i192-dy-all-16	10.0.1.239	192	7.7407	m7i.metal-48xl	us-west-2d	2.7675	42	0.038303	sent	deep19.15
sent.deep19.14-I30x_HG003_grapev1_0.	I30x_HG003_grapev1_0.	sent.deep19.14	258.9603	0:04:18	30917.61	504378.29	19434.49	19805.02	645.65	0.39	3190.26	1527.86	i192-dy-all-13	10.0.1.181	192	5.9	m7i.metal-48xl	us-west-2d	2.7675	42	0.043548	sent	deep19.14
sent.deep19.13-I30x_HG003_grapev1_0.	I30x_HG003_grapev1_0.	sent.deep19.13	296.185	0:04:56	30980.7	503780.21	19580.75	19954.38	781.99	0.43	3118.93	2176.53	i192-dy-all-10	10.0.1.81	192	7.3485	m7i.metal-48xl	us-west-2d	2.7675	42	0.049808	sent	deep19.13
sent.deep19.12-I30x_HG003_grapev1_0.	I30x_HG003_grapev1_0.	sent.deep19.12	408.1341	0:06:48	31943.07	501803.97	19670.33	20045.15	1047.44	0.45	3169.76	2966.57	i128-dy-c6gb256-3	10.0.1.74	128	7.2686	c6i.32xlarge	us-west-2d	1.4618	42	0.054379	sent	deep19.12
sent.deep19.11-I30x_HG003_grapev1_0.	I30x_HG003_grapev1_0.	sent.deep19.11	345.1766	0:05:45	31107.9	742992.87	19736.3	20110.04	905.59	0.46	3177.88	83.93	i192-dy-all-2	10.0.1.192	192	0.2432	c7i.metal-48xl	us-west-2d	2.3176	42	0.04861	sent	deep19.11
sent.alNsort-I30x_HG003_grapev1_0.	I30x_HG003_grapev1_0.	sent.alNsort	1782.492	0:29:42	231581.05	277490.61	232029.55	232036.44	4545.93	42039.16	4805.98	5227.82	i192mem-dy-all-2	10.0.1.147	192	2.9329	m7i.metal-48xl	us-west-2d	2.7675	192	1.370291	sent	alNsort
sent.deep19.10-I30x_HG003_grapev1_0.	I30x_HG003_grapev1_0.	sent.deep19.10	399.4319	0:06:39	31776.84	538346.3	20467.85	20841.88	642.86	0.45	3364.48	3252.54	i192-dy-all-4	10.0.1.228	192	8.1429	c7i.metal-48xl	us-west-2d	2.3176	42	0.056251	sent	deep19.10
sent.deep19.18-I30x_HG003_grapev1_0.	I30x_HG003_grapev1_0.	sent.deep19.18	217.0154	0:03:37	30427.56	499799.23	19176.52	19551.46	440.66	0.4	2766.88	1342.35	i192-dy-all-8	10.0.1.114	192	6.1855	m7i.metal-48xl	us-west-2d	2.7675	42	0.036494	sent	deep19.18
sent.deep19.19-I30x_HG003_grapev1_0.	I30x_HG003_grapev1_0.	sent.deep19.19	212.5544	0:03:32	30529.82	517764.32	19147.52	19523.55	385.66	0.41	2752.09	1260.58	i192-dy-all-6	10.0.1.204	192	5.9306	c7i.48xlarge	us-west-2d	2.7237	42	0.035178	sent	deep19.19
sent.sentd.1-24-I30x_HG003_grapev1_0.	I30x_HG003_grapev1_0.	sent.sentd.1-24	642.3447	0:10:42	30665.06	34001.46	30711.82	30717.22	14758.43	6822.27	13248.96	36529.44	i192mem-dy-all-7	10.0.1.11	192	56.8689	m7i.metal-48xl	us-west-2d	2.7675	192	0.493802	sent	sentd.1-24
sent.deep19.23-I30x_HG003_grapev1_0.	I30x_HG003_grapev1_0.	sent.deep19.23	283.6822	0:04:43	31003.74	506680.39	19632.12	20005.76	597.47	0.4	2650.84	1470.21	i192-dy-all-13	10.0.1.181	192	5.1826	m7i.metal-48xl	us-west-2d	2.7675	42	0.047705	sent	deep19.23
sent.deep19.9-I30x_HG003_grapev1_0.	I30x_HG003_grapev1_0.	sent.deep19.9	421.7914	0:07:01	32646.75	742969.58	20388.73	20759.76	1065.25	0.51	3075.32	122.41	i128-dy-c6gb256-1	10.0.1.19	128	0.2902	c6i.32xlarge	us-west-2d	1.4618	42	0.056198	sent	deep19.9
sent.deep19.8-I30x_HG003_grapev1_0.	I30x_HG003_grapev1_0.	sent.deep19.8	355.123	0:05:55	31088.19	742971.25	19806.35	20180.65	1095.74	0.53	2464.04	149.81	i192-dy-all-13	10.0.1.181	192	0.4219	m7i.metal-48xl	us-west-2d	2.7675	42	0.059719	sent	deep19.8
sent.deep19.22-I30x_HG003_grapev1_0.	I30x_HG003_grapev1_0.	sent.deep19.22	220.8964	0:03:40	30390.05	506108.73	19081.93	19455.36	779.81	0.39	1575.91	1698.57	i192-dy-all-10	10.0.1.81	192	7.6894	m7i.metal-48xl	us-west-2d	2.7675	42	0.037147	sent	deep19.22
sent.gatk.concordance-I30x_HG003_grapev1_0.	I30x_HG003_grapev1_0.	sent.gatk.concordance	1922.2331	0:32:02	108184.52	717617.03	92276.99	92277.75	2817.3	8335.99	97.45	363.17	i192-dy-all-3	10.0.1.178	192	0.1889	m7i.metal-48xl	us-west-2d	2.7675	48	0.369429	sent	gatk.concordance
sent.deep19.21-I30x_HG003_grapev1_0.	I30x_HG003_grapev1_0.	sent.deep19.21	170.5763	0:02:50	31491.6	498813.4	19221.11	19595.78	300.99	0.37	2801.95	1348.92	i128-dy-c6gb256-3	10.0.1.74	128	7.908	c6i.32xlarge	us-west-2d	1.4618	42	0.022727	sent	deep19.21
sent.deep19.concordance-I30x_HG003_grapev1_0.	I30x_HG003_grapev1_0.	sent.deep19.concordance	1130.1668	0:18:50	75355.11	362438.31	75380.51	75381.26	1965.87	5352.1	62.2	319.65	i192-dy-all-4	10.0.1.228	192	0.2828	c7i.metal-48xl	us-west-2d	2.324	48	0.182396	sent	deep19.concordance
sent.deep19.20-I30x_HG003_grapev1_0.	I30x_HG003_grapev1_0.	sent.deep19.20	241.1435	0:04:01	30653.8	500262.02	19454.73	19828.46	384.11	0.38	2350.36	2355.37	i192-dy-all-2	10.0.1.192	192	9.7675	c7i.metal-48xl	us-west-2d	2.3176	42	0.033959	sent	deep19.20
sent.deep19.merge-I30x_HG003_grapev1_0.	I30x_HG003_grapev1_0.	sent.deep19.merge	48.7604	0:00:48	92.82	2761.21	89.32	90.77	82.23	121.3	51.51	25.46	i192-dy-all-2	10.0.1.192	192	0.5221	c7i.metal-48xl	us-west-2d	2.324	4	0.000656	sent	deep19.merge
sent.sentd.concordance-I30x_HG003_grapev1_0.	I30x_HG003_grapev1_0.	sent.sentd.concordance	2557.778	0:42:37	92956.71	356987.86	92963.0	92971.95	4458.62	11273.91	75.55	338.25	i192-dy-all-6	10.0.1.204	192	0.1322	c7i.48xlarge	us-west-2d	2.7237	48	0.483793	sent	sentd.concordance
sent.deep19.24-I30x_HG003_grapev1_0.	I30x_HG003_grapev1_0.	sent.deep19.24	177.5793	0:02:57	33193.31	582490.3	21695.75	22070.12	761.25	0.38	1622.91	38.76	i192-dy-all-16	10.0.1.239	192	0.2183	m7i.metal-48xl	us-west-2d	2.7675	42	0.029862	sent	deep19.24
sent.deep19.1-I30x_HG003_grapev1_0.	I30x_HG003_grapev1_0.	sent.deep19.1	759.1819	0:12:39	34355.82	526141.4	22120.14	22494.99	1329.77	0.61	3742.21	6742.33	i128-dy-c6gb256-3	10.0.1.74	128	8.881	c6i.32xlarge	us-west-2d	1.4618	42	0.101151	sent	deep19.1
sent.sentd.merge-I30x_HG003_grapev1_0.	I30x_HG003_grapev1_0.	sent.sentd.merge	62.1456	0:01:02	45.77	1066.53	45.37	45.98	301.4	291.83	88.77	55.16	i192-dy-all-4	10.0.1.228	192	0.8876	c7i.metal-48xl	us-west-2d	2.3176	4	0.000833	sent	sentd.merge
sent.gatk.snv-I30x_HG005_grapev1_0.	I30x_HG005_grapev1_0.	sent.gatk.snv	363.6881	0:06:03	20811.41	51695.12	16766.5	16771.86	3225.84	1253.75	14414.99	3.44	i192mem-dy-all-6	10.0.1.57	192	0.0095	m7i.metal-48xl	us-west-2d	2.7675	192	0.279585	sent	gatk.snv
sent.sentd.concat.fofn-I30x_HG003_grapev1_0.	I30x_HG003_grapev1_0.	sent.sentd.concat.fofn	0.388	0:00:00	3.38	7.71	0.13	0.31	0.0	0.0	0.0	0.0	ip-10-0-0-232	44.245.132.30	8	0.0	r7i.2xlarge	us-west-2d	0.2146	1	3e-06	sent	sentd.concat.fofn
sent.deep19.2-I30x_HG003_grapev1_0.	I30x_HG003_grapev1_0.	sent.deep19.2	649.4989	0:10:49	33477.08	518278.08	21249.77	21628.15	1604.17	0.59	3526.14	4486.15	i128-dy-c6gb256-3	10.0.1.74	128	6.9071	c6i.32xlarge	us-west-2d	1.4618	42	0.086537	sent	deep19.2
sent.deep19.4-I30x_HG005_grapev1_0.	I30x_HG005_grapev1_0.	sent.deep19.4	484.7161	0:08:04	32512.41	545692.88	21165.47	21540.34	1173.01	0.51	3630.03	3725.09	i192-dy-all-4	10.0.1.228	192	7.6851	c7i.metal-48xl	us-west-2d	2.3176	42	0.068261	sent	deep19.4
sent.mrkdup-I30x_HG003_grapev1_0.	I30x_HG003_grapev1_0.	sent.mrkdup	546.5679	0:09:06	361858.25	410055.11	361990.09	361990.8	4264.21	10984.42	5715.49	31248.97	i192mem-dy-all-2	10.0.1.147	192	57.1731	m7i.metal-48xl	us-west-2d	2.7675	192	0.420174	sent	mrkdup
sent.deep19.3-I30x_HG003_grapev1_0.	I30x_HG003_grapev1_0.	sent.deep19.3	446.502	0:07:26	31834.51	521613.7	20601.11	20979.29	1104.78	0.46	3338.31	3623.45	i192-dy-all-4	10.0.1.228	192	8.1152	c7i.metal-48xl	us-west-2d	2.324	42	0.063053	sent	deep19.3
sent.deep19.concat.fofn-I30x_HG003_grapev1_0.	I30x_HG003_grapev1_0.	sent.deep19.concat.fofn	0.538	0:00:00	18.0	47.79	10.57	11.17	0.0	0.0	0.0	0.03	i192-dy-all-2	10.0.1.192	192	0.0558	c7i.metal-48xl	us-west-2d	2.324	2	4e-06	sent	deep19.concat.fofn
sent.gatk.snv-I30x_HG003_grapev1_0.	I30x_HG003_grapev1_0.	sent.gatk.snv	419.9934	0:06:59	18581.91	52521.12	18669.43	18674.76	16764.64	1352.15	12577.56	9.88	i192mem-dy-all-4	10.0.1.167	192	0.0235	m7i.metal-48xl	us-west-2d	2.7675	192	0.32287	sent	gatk.snv
sent.deep19.4-I30x_HG003_grapev1_0.	I30x_HG003_grapev1_0.	sent.deep19.4	406.0363	0:06:46	32398.52	547633.93	20945.96	21315.27	977.31	0.51	3371.74	36.6	i192-dy-all-9	10.0.1.99	192	0.0901	m7i.metal-48xl	us-west-2d	2.7675	42	0.068281	sent	deep19.4
sent.deep19.5-I30x_HG003_grapev1_0.	I30x_HG003_grapev1_0.	sent.deep19.5	413.5837	0:06:53	31884.4	528278.49	20429.55	20804.22	1031.91	0.46	3506.14	3254.07	i192-dy-all-8	10.0.1.114	192	7.868	m7i.metal-48xl	us-west-2d	2.7675	42	0.06955	sent	deep19.5
sent.deep19.6-I30x_HG003_grapev1_0.	I30x_HG003_grapev1_0.	sent.deep19.6	411.1129	0:06:51	31819.28	597079.44	20495.35	20869.41	922.74	0.54	3091.18	33.2	i192-dy-all-16	10.0.1.239	192	0.0808	m7i.metal-48xl	us-west-2d	2.7675	42	0.069134	sent	deep19.6
sent.deep19.7-I30x_HG003_grapev1_0.	I30x_HG003_grapev1_0.	sent.deep19.7	469.2677	0:07:49	31675.18	514309.29	20205.5	20576.51	1219.84	0.5	2886.99	3752.69	i192-dy-all-11	10.0.1.251	192	7.9969	m7i.metal-48xl	us-west-2d	2.7675	42	0.078914	sent	deep19.7
sent.deep19.5-I30x_HG005_grapev1_0.	I30x_HG005_grapev1_0.	sent.deep19.5	378.8261	0:06:18	31723.55	524909.59	20434.4	20809.96	1073.26	0.46	3260.24	3118.55	i192-dy-all-7	10.0.1.119	192	8.2321	c7i.48xlarge	us-west-2d	2.7237	42	0.062697	sent	deep19.5
sent.deep19.6-I30x_HG005_grapev1_0.	I30x_HG005_grapev1_0.	sent.deep19.6	417.2833	0:06:57	31980.75	593632.28	20482.25	20856.87	672.0	0.46	3511.96	3386.51	i192-dy-all-7	10.0.1.119	192	8.1156	c7i.48xlarge	us-west-2d	2.7237	42	0.069061	sent	deep19.6
sent.deep19.7-I30x_HG005_grapev1_0.	I30x_HG005_grapev1_0.	sent.deep19.7	443.2868	0:07:23	32487.65	524311.62	20267.64	20638.05	970.16	0.48	3540.52	3481.35	i128-dy-c6gb256-1	10.0.1.19	128	7.8535	c6i.32xlarge	us-west-2d	1.4618	42	0.059062	sent	deep19.7
sent.sentd.concordance-I30x_HG005_grapev1_0.	I30x_HG005_grapev1_0.	sent.sentd.concordance	2251.8708	0:37:31	106905.26	717617.03	106911.12	106911.79	4415.18	10986.38	56.12	329.68	i192-dy-all-3	10.0.1.178	192	0.1464	m7i.metal-48xl	us-west-2d	2.7675	48	0.432781	sent	sentd.concordance
sent.deep19.1-I30x_HG005_grapev1_0.	I30x_HG005_grapev1_0.	sent.deep19.1	596.4608	0:09:56	33478.78	529366.36	22185.64	22558.91	1593.94	0.54	3553.34	4811.05	i192-dy-all-7	10.0.1.119	192	8.066	c7i.48xlarge	us-west-2d	2.7237	42	0.098716	sent	deep19.1
sent.gatk.concordance-I30x_HG005_grapev1_0.	I30x_HG005_grapev1_0.	sent.gatk.concordance	1934.8708	0:32:14	90159.61	362436.6	90138.56	90142.53	4571.32	7907.71	81.19	323.33	i192-dy-all-6	10.0.1.65	192	0.1671	c7i.metal-48xl	us-west-2d	2.324	48	0.312267	sent	gatk.concordance
sent.deep19.2-I30x_HG005_grapev1_0.	I30x_HG005_grapev1_0.	sent.deep19.2	558.663	0:09:18	32607.04	521046.95	21235.3	21610.2	1587.72	0.56	3681.63	4807.55	i192-dy-all-12	10.0.1.220	192	8.6055	m7i.metal-48xl	us-west-2d	2.7675	42	0.093947	sent	deep19.2
sent.deep19.3-I30x_HG005_grapev1_0.	I30x_HG005_grapev1_0.	sent.deep19.3	547.4156	0:09:07	32949.99	745073.91	20735.0	21111.42	1352.61	0.58	3488.3	247.24	i128-dy-c6gb256-1	10.0.1.19	128	0.4516	c6i.32xlarge	us-west-2d	1.4618	42	0.072936	sent	deep19.3
sent.deep19.20-I30x_HG005_grapev1_0.	I30x_HG005_grapev1_0.	sent.deep19.20	316.2314	0:05:16	31636.28	498699.97	19372.35	19741.86	871.68	0.43	2251.77	2065.28	i128-dy-m6gb512-1	10.0.1.222	128	6.5309	m6i.32xlarge	us-west-2d	1.5907	42	0.045849	sent	deep19.20
sent.deep19.21-I30x_HG005_grapev1_0.	I30x_HG005_grapev1_0.	sent.deep19.21	165.6702	0:02:45	31527.88	514439.12	19259.01	19634.91	374.98	0.37	2862.76	1512.97	i128-dy-m6gb512-1	10.0.1.222	128	9.1324	m6i.32xlarge	us-west-2d	1.5907	42	0.02402	sent	deep19.21
sent.deep19.22-I30x_HG005_grapev1_0.	I30x_HG005_grapev1_0.	sent.deep19.22	172.1683	0:02:52	30334.83	504384.39	19040.51	19414.55	367.18	0.39	1621.16	1307.48	i192-dy-all-12	10.0.1.220	192	7.5942	m7i.metal-48xl	us-west-2d	2.7675	42	0.028953	sent	deep19.22
sent.sentd.concat.fofn-I30x_HG005_grapev1_0.	I30x_HG005_grapev1_0.	sent.sentd.concat.fofn	0.3486	0:00:00	3.25	7.71	0.13	0.31	0.0	0.0	0.0	0.0	ip-10-0-0-232	44.245.132.30	8	0.0	r7i.2xlarge	us-west-2d	0.2146	1	3e-06	sent	sentd.concat.fofn
sent.deep19.23-I30x_HG005_grapev1_0.	I30x_HG005_grapev1_0.	sent.deep19.23	245.8035	0:04:05	31059.1	507504.03	19614.56	19989.11	384.0	4.02	2947.98	40.42	i192-dy-all-13	10.0.1.181	192	0.1644	m7i.metal-48xl	us-west-2d	2.7675	42	0.041335	sent	deep19.23
sent.deep19.9-I30x_HG005_grapev1_0.	I30x_HG005_grapev1_0.	sent.deep19.9	337.066	0:05:37	31794.79	740834.01	20428.29	20802.63	801.39	0.44	3143.78	54.21	i192-dy-all-10	10.0.1.81	192	0.1608	m7i.metal-48xl	us-west-2d	2.7675	42	0.056682	sent	deep19.9
sent.deep19.24-I30x_HG005_grapev1_0.	I30x_HG005_grapev1_0.	sent.deep19.24	148.5002	0:02:28	33100.07	586123.56	21729.17	22105.03	271.63	0.34	2305.01	576.32	i192-dy-all-16	10.0.1.239	192	3.8809	m7i.metal-48xl	us-west-2d	2.7675	42	0.024972	sent	deep19.24
sent.deep19.8-I30x_HG005_grapev1_0.	I30x_HG005_grapev1_0.	sent.deep19.8	331.4385	0:05:31	31011.62	494608.52	19642.17	20015.38	686.11	0.45	3205.22	1981.54	i192-dy-all-10	10.0.1.81	192	5.9786	m7i.metal-48xl	us-west-2d	2.7675	42	0.055736	sent	deep19.8
sent.alNsort-I30x_HG005_grapev1_0.	I30x_HG005_grapev1_0.	sent.alNsort	1747.0288	0:29:07	231348.31	276699.67	231557.29	231564.2	4546.43	41174.96	4921.36	5219.28	i192mem-dy-all-4	10.0.1.167	192	2.9875	m7i.metal-48xl	us-west-2d	2.7675	192	1.343028	sent	alNsort
sent.deep19.merge-I30x_HG005_grapev1_0.	I30x_HG005_grapev1_0.	sent.deep19.merge	19.5333	0:00:19	91.32	2761.21	86.94	88.42	112.3	107.7	127.83	25.3	i192-dy-all-2	10.0.1.192	192	1.2952	c7i.metal-48xl	us-west-2d	2.324	4	0.000263	sent	deep19.merge
sent.deep19.19-I30x_HG005_grapev1_0.	I30x_HG005_grapev1_0.	sent.deep19.19	197.3106	0:03:17	30421.15	522483.2	19041.56	19412.25	257.18	0.39	2359.71	1653.64	i192-dy-all-13	10.0.1.181	192	8.3809	m7i.metal-48xl	us-west-2d	2.7675	42	0.033181	sent	deep19.19
sent.deep19.concat.fofn-I30x_HG005_grapev1_0.	I30x_HG005_grapev1_0.	sent.deep19.concat.fofn	5.5455	0:00:05	18.0	49.09	11.76	12.45	2.64	0.0	0.0	0.0	i192-dy-all-2	10.0.1.192	192	0.0	c7i.metal-48xl	us-west-2d	2.324	2	3.7e-05	sent	deep19.concat.fofn
sent.deep19.18-I30x_HG005_grapev1_0.	I30x_HG005_grapev1_0.	sent.deep19.18	230.0005	0:03:50	30532.89	499997.63	19133.59	19507.76	519.64	0.41	2744.59	1881.12	i192-dy-all-6	10.0.1.204	192	8.1788	c7i.48xlarge	us-west-2d	2.7237	42	0.038066	sent	deep19.18
sent.mrkdup-I30x_HG005_grapev1_0.	I30x_HG005_grapev1_0.	sent.mrkdup	555.9765	0:09:15	396945.54	459027.42	390913.02	390913.75	10843.87	11768.41	5658.95	31466.47	i192mem-dy-all-6	10.0.1.57	192	56.5968	m7i.metal-48xl	us-west-2d	2.7675	192	0.427407	sent	mrkdup
sent.sentd.merge-I30x_HG005_grapev1_0.	I30x_HG005_grapev1_0.	sent.sentd.merge	31.7843	0:00:31	71.32	1066.54	65.54	66.09	0.01	182.57	102.17	33.52	i192-dy-all-6	10.0.1.204	192	1.0546	c7i.48xlarge	us-west-2d	2.7237	4	0.000501	sent	sentd.merge
sent.sentd.1-24-I30x_HG005_grapev1_0.	I30x_HG005_grapev1_0.	sent.sentd.1-24	692.6054	0:11:32	30200.12	33971.56	30014.63	30020.05	15567.41	6740.83	11599.07	35222.57	i192mem-dy-all-5	10.0.1.168	192	50.8552	m7i.metal-48xl	us-west-2d	2.7675	192	0.53244	sent	sentd.1-24
sent.deep19.14-I30x_HG005_grapev1_0.	I30x_HG005_grapev1_0.	sent.deep19.14	308.1443	0:05:08	30712.72	501818.46	19269.48	19638.17	717.92	0.42	2450.76	1557.94	i192-dy-all-9	10.0.1.99	192	5.0559	m7i.metal-48xl	us-west-2d	2.7675	42	0.051819	sent	deep19.14
sent.deep19.15-I30x_HG005_grapev1_0.	I30x_HG005_grapev1_0.	sent.deep19.15	261.6846	0:04:21	30759.22	742989.57	19394.52	19767.8	700.87	0.48	2375.78	109.09	i192-dy-all-11	10.0.1.251	192	0.4169	m7i.metal-48xl	us-west-2d	2.7675	42	0.044006	sent	deep19.15
sent.deep19.16-I30x_HG005_grapev1_0.	I30x_HG005_grapev1_0.	sent.deep19.16	268.093	0:04:28	30773.52	511851.56	19389.11	19762.75	743.05	0.43	2820.98	32.93	i192-dy-all-15	10.0.1.238	192	0.1228	m7i.metal-48xl	us-west-2d	2.7675	42	0.045084	sent	deep19.16
sent.deep19.17-I30x_HG005_grapev1_0.	I30x_HG005_grapev1_0.	sent.deep19.17	295.0918	0:04:55	31675.84	746132.32	19421.69	19796.55	1406.09	0.49	2221.83	118.09	i128-dy-c6gb256-2	10.0.1.51	128	0.4002	c6i.32xlarge	us-west-2d	1.4618	42	0.039317	sent	deep19.17
sent.gatk.bsqr-I30x_HG005_grapev1_0.	I30x_HG005_grapev1_0.	sent.gatk.bsqr	1368.8124	0:22:48	37837.86	75047.14	35639.89	35645.23	19005.17	84133.12	2533.23	17.31	i192mem-dy-all-6	10.0.1.57	192	0.0126	m7i.metal-48xl	us-west-2d	2.7675	192	1.052275	sent	gatk.bsqr
sent.deep19.concordance-I30x_HG005_grapev1_0.	I30x_HG005_grapev1_0.	sent.deep19.concordance	1209.7027	0:20:09	89361.4	362436.6	89330.36	89333.16	3149.23	5193.45	66.55	2.91	i192-dy-all-4	10.0.1.228	192	0.0024	c7i.metal-48xl	us-west-2d	2.324	48	0.195233	sent	deep19.concordance
sent.deep19.10-I30x_HG005_grapev1_0.	I30x_HG005_grapev1_0.	sent.deep19.10	339.2993	0:05:39	31538.52	742418.64	20190.95	20563.48	960.9	0.5	2861.38	152.76	i192-dy-all-8	10.0.1.114	192	0.4502	m7i.metal-48xl	us-west-2d	2.7675	42	0.057058	sent	deep19.10
sent.deep19.11-I30x_HG005_grapev1_0.	I30x_HG005_grapev1_0.	sent.deep19.11	346.077	0:05:46	31119.05	739878.65	19850.89	20224.76	705.0	0.45	3131.78	81.51	i192-dy-all-2	10.0.1.192	192	0.2355	c7i.metal-48xl	us-west-2d	2.3176	42	0.048737	sent	deep19.11
sent.deep19.12-I30x_HG005_grapev1_0.	I30x_HG005_grapev1_0.	sent.deep19.12	324.8697	0:05:24	31040.14	500741.32	19732.79	20108.51	530.29	0.44	3384.11	2609.22	i192-dy-all-12	10.0.1.220	192	8.0316	m7i.metal-48xl	us-west-2d	2.7675	42	0.054631	sent	deep19.12
sent.deep19.13-I30x_HG005_grapev1_0.	I30x_HG005_grapev1_0.	sent.deep19.13	261.8878	0:04:21	30883.91	502884.4	19536.39	19905.38	686.0	0.43	3157.16	2295.66	i192-dy-all-12	10.0.1.220	192	8.7658	m7i.metal-48xl	us-west-2d	2.7675	42	0.04404	sent	deep19.13
sent.alNsort-I30x_HG006_grapev1_0.	I30x_HG006_grapev1_0.	sent.alNsort	1083.9518	0:18:03	231365.32	276705.08	231627.27	231632.8	4544.6	39636.27	8123.63	5077.95	i192mem-dy-all-6	10.0.1.57	192	4.6847	m7i.metal-48xl	us-west-2d	2.7675	192	0.833288	sent	alNsort
sent.deep19.14-I30x_HG006_grapev1_0.	I30x_HG006_grapev1_0.	sent.deep19.14	334.5736	0:05:34	30663.19	503763.14	19337.04	19707.91	666.55	0.42	2231.51	1896.99	i192-dy-all-2	10.0.1.192	192	5.6699	c7i.metal-48xl	us-west-2d	2.3176	42	0.047117	sent	deep19.14
sent.deep19.concordance-I30x_HG006_grapev1_0.	I30x_HG006_grapev1_0.	sent.deep19.concordance	1404.6508	0:23:24	78813.19	362436.6	78814.68	78823.04	3087.95	5350.57	90.73	313.06	i192-dy-all-2	10.0.1.192	192	0.2229	c7i.metal-48xl	us-west-2d	2.324	48	0.226695	sent	deep19.concordance
sent.deep19.15-I30x_HG006_grapev1_0.	I30x_HG006_grapev1_0.	sent.deep19.15	334.878	0:05:34	30608.13	491530.68	19270.84	19641.75	1011.43	0.41	2337.59	2167.46	i192-dy-all-4	10.0.1.228	192	6.4724	c7i.metal-48xl	us-west-2d	2.3176	42	0.04716	sent	deep19.15
sent.deep19.16-I30x_HG006_grapev1_0.	I30x_HG006_grapev1_0.	sent.deep19.16	318.365	0:05:18	30686.48	505866.03	19275.84	19649.02	786.66	0.43	2529.54	1958.01	i192-dy-all-6	10.0.1.204	192	6.1502	c7i.48xlarge	us-west-2d	2.7237	42	0.05269	sent	deep19.16
sent.gatk.bsqr-I30x_HG006_grapev1_0.	I30x_HG006_grapev1_0.	sent.gatk.bsqr	441.2609	0:07:21	40140.31	76949.14	36552.09	36557.45	18881.17	82688.45	7725.89	26668.86	i192mem-dy-all-4	10.0.1.167	192	60.4378	m7i.metal-48xl	us-west-2d	2.7675	192	0.339219	sent	gatk.bsqr
sent.deep19.17-I30x_HG006_grapev1_0.	I30x_HG006_grapev1_0.	sent.deep19.17	346.7083	0:05:46	30834.98	523436.11	19497.62	19870.5	868.44	0.41	2297.26	2292.23	i192-dy-all-2	10.0.1.192	192	6.6114	c7i.metal-48xl	us-west-2d	2.3176	42	0.048826	sent	deep19.17
sent.deep19.10-I30x_HG006_grapev1_0.	I30x_HG006_grapev1_0.	sent.deep19.10	376.4978	0:06:16	31794.8	550142.75	20380.17	20754.37	1127.91	0.47	3480.77	3545.81	i192-dy-all-4	10.0.1.228	192	9.4179	c7i.metal-48xl	us-west-2d	2.3176	42	0.053021	sent	deep19.10
sent.deep19.11-I30x_HG006_grapev1_0.	I30x_HG006_grapev1_0.	sent.deep19.11	376.6703	0:06:16	30853.32	500568.91	19615.72	19988.57	965.76	0.46	2809.19	2571.42	i192mem-dy-all-14	10.0.1.82	192	6.8267	m7i.metal-48xl	us-west-2d	2.7675	42	0.063342	sent	deep19.11
sent.mrkdup-I30x_HG006_grapev1_0.	I30x_HG006_grapev1_0.	sent.mrkdup	601.1608	0:10:01	384468.13	434452.46	384511.57	384512.3	9425.68	11805.21	5741.66	34525.39	i192mem-dy-all-6	10.0.1.57	192	57.4312	m7i.metal-48xl	us-west-2d	2.7675	192	0.462142	sent	mrkdup
sent.deep19.12-I30x_HG006_grapev1_0.	I30x_HG006_grapev1_0.	sent.deep19.12	351.6911	0:05:51	30934.07	491775.1	19681.05	20053.88	982.0	0.45	2930.56	2796.08	i192-dy-all-8	10.0.1.114	192	7.9504	m7i.metal-48xl	us-west-2d	2.7675	42	0.059142	sent	deep19.12
sent.deep19.13-I30x_HG006_grapev1_0.	I30x_HG006_grapev1_0.	sent.deep19.13	312.2586	0:05:12	30979.55	504191.16	19618.63	19991.48	885.29	0.46	3016.6	2988.48	i192-dy-all-7	10.0.1.119	192	9.5705	c7i.48xlarge	us-west-2d	2.7237	42	0.05168	sent	deep19.13
sent.deep19.merge-I30x_HG006_grapev1_0.	I30x_HG006_grapev1_0.	sent.deep19.merge	25.7334	0:00:25	83.53	2761.53	83.62	84.21	123.61	61.75	60.93	15.86	i192-dy-all-2	10.0.1.192	192	0.6163	c7i.metal-48xl	us-west-2d	2.324	4	0.000346	sent	deep19.merge
sent.deep19.19-I30x_HG006_grapev1_0.	I30x_HG006_grapev1_0.	sent.deep19.19	257.1613	0:04:17	30407.98	503053.56	18961.1	19329.04	1048.2	0.41	1883.27	1545.63	i192mem-dy-all-14	10.0.1.82	192	6.0104	m7i.metal-48xl	us-west-2d	2.7675	42	0.043245	sent	deep19.19
sent.sentd.merge-I30x_HG006_grapev1_0.	I30x_HG006_grapev1_0.	sent.sentd.merge	54.2038	0:00:54	45.67	1066.54	45.38	46.0	393.14	386.4	35.21	0.5	i192-dy-all-2	10.0.1.192	192	0.0092	c7i.metal-48xl	us-west-2d	2.3176	4	0.000727	sent	sentd.merge
sent.deep19.18-I30x_HG006_grapev1_0.	I30x_HG006_grapev1_0.	sent.deep19.18	220.3309	0:03:40	30376.5	491775.07	18985.91	19354.38	993.54	0.41	2516.28	1708.91	i192-dy-all-8	10.0.1.114	192	7.7561	m7i.metal-48xl	us-west-2d	2.7675	42	0.037052	sent	deep19.18
sent.deep19.concat.fofn-I30x_HG006_grapev1_0.	I30x_HG006_grapev1_0.	sent.deep19.concat.fofn	3.9113	0:00:03	19.5	49.11	6.94	8.78	2.64	0.0	0.0	0.0	i192-dy-all-15	10.0.1.238	192	0.0	m7i.metal-48xl	us-west-2d	2.7675	2	3.1e-05	sent	deep19.concat.fofn
sent.deep19.20-I30x_HG006_grapev1_0.	I30x_HG006_grapev1_0.	sent.deep19.20	324.7241	0:05:24	30823.78	511308.12	19517.47	19892.03	972.25	0.41	1703.54	1897.79	i192-dy-all-6	10.0.1.204	192	5.8443	c7i.48xlarge	us-west-2d	2.7237	42	0.053743	sent	deep19.20
sent.deep19.21-I30x_HG006_grapev1_0.	I30x_HG006_grapev1_0.	sent.deep19.21	324.1697	0:05:24	30656.45	500466.79	19258.75	19630.83	649.14	0.38	1252.45	1017.89	i192-dy-all-2	10.0.1.192	192	3.14	c7i.metal-48xl	us-west-2d	2.3176	42	0.045652	sent	deep19.21
sent.sentd.1-24-I30x_HG006_grapev1_0.	I30x_HG006_grapev1_0.	sent.sentd.1-24	607.5526	0:10:07	30551.09	34643.69	30598.6	30604.0	15596.55	6706.34	14184.12	38688.4	i192-dy-all-1	10.0.1.31	192	63.6791	c7i.metal-48xl	us-west-2d	2.3176	192	0.391129	sent	sentd.1-24
sent.deep19.9-I30x_HG006_grapev1_0.	I30x_HG006_grapev1_0.	sent.deep19.9	363.4558	0:06:03	31372.06	510031.49	20060.08	20431.27	1197.18	0.29	2898.14	31.5	i192-dy-all-2	10.0.1.192	192	0.0867	c7i.metal-48xl	us-west-2d	2.3176	42	0.051184	sent	deep19.9
sent.deep19.22-I30x_HG006_grapev1_0.	I30x_HG006_grapev1_0.	sent.deep19.22	159.1635	0:02:39	30295.86	497695.05	19044.7	19419.07	847.51	0.38	1889.79	1589.09	i192-dy-all-8	10.0.1.114	192	9.984	m7i.metal-48xl	us-west-2d	2.7675	42	0.026766	sent	deep19.22
sent.deep19.8-I30x_HG006_grapev1_0.	I30x_HG006_grapev1_0.	sent.deep19.8	340.1589	0:05:40	31138.4	496302.12	19789.62	20163.79	1119.62	0.44	3481.79	2581.47	i192-dy-all-6	10.0.1.204	192	7.589	c7i.48xlarge	us-west-2d	2.7237	42	0.056297	sent	deep19.8
sent.deep19.23-I30x_HG006_grapev1_0.	I30x_HG006_grapev1_0.	sent.deep19.23	279.6937	0:04:39	31030.8	512843.9	19705.61	20076.87	703.62	0.42	2648.52	1691.7	i192mem-dy-all-14	10.0.1.82	192	6.0484	m7i.metal-48xl	us-west-2d	2.7675	42	0.047034	sent	deep19.23
sent.deep19.24-I30x_HG006_grapev1_0.	I30x_HG006_grapev1_0.	sent.deep19.24	159.1089	0:02:39	33085.68	596459.97	21715.33	22091.37	769.25	0.36	2637.54	1209.17	i192-dy-all-7	10.0.1.119	192	7.5996	c7i.48xlarge	us-west-2d	2.7237	42	0.026333	sent	deep19.24
sent.gatk.concordance-I30x_HG006_grapev1_0.	I30x_HG006_grapev1_0.	sent.gatk.concordance	2028.8354	0:33:48	93541.07	356987.86	93515.95	93520.97	2853.79	8309.22	81.16	349.36	i192-dy-all-6	10.0.1.204	192	0.1722	c7i.48xlarge	us-west-2d	2.7237	48	0.383746	sent	gatk.concordance
sent.sentd.concordance-I30x_HG006_grapev1_0.	I30x_HG006_grapev1_0.	sent.sentd.concordance	2697.9727	0:44:57	66237.47	240443.48	66255.98	66257.12	5533.73	11793.21	56.34	330.4	i128-dy-c6gb256-4	10.0.1.20	128	0.1225	c6i.32xlarge	us-west-2d	1.4618	48	0.410823	sent	sentd.concordance
sent.deep19.2-I30x_HG006_grapev1_0.	I30x_HG006_grapev1_0.	sent.deep19.2	606.2177	0:10:06	32553.56	521336.48	21202.4	21575.04	1778.72	0.6	3108.15	40.5	i192mem-dy-all-14	10.0.1.82	192	0.0668	m7i.metal-48xl	us-west-2d	2.7675	42	0.101944	sent	deep19.2
sent.deep19.3-I30x_HG006_grapev1_0.	I30x_HG006_grapev1_0.	sent.deep19.3	476.7652	0:07:56	31991.43	513908.4	20658.29	21032.56	1318.37	0.55	3272.1	3407.79	i192-dy-all-7	10.0.1.119	192	7.1477	c7i.48xlarge	us-west-2d	2.7237	42	0.078906	sent	deep19.3
sent.sentd.concat.fofn-I30x_HG006_grapev1_0.	I30x_HG006_grapev1_0.	sent.sentd.concat.fofn	0.4687	0:00:00	3.25	7.71	0.13	0.31	0.0	0.0	0.0	0.0	ip-10-0-0-232	44.245.132.30	8	0.0	r7i.2xlarge	us-west-2d	0.2146	1	3e-06	sent	sentd.concat.fofn
sent.deep19.1-I30x_HG006_grapev1_0.	I30x_HG006_grapev1_0.	sent.deep19.1	661.7956	0:11:01	33027.37	518228.73	21756.02	22129.53	1706.33	0.64	3274.21	5899.18	i192-dy-all-6	10.0.1.204	192	8.9139	c7i.48xlarge	us-west-2d	2.7237	42	0.109529	sent	deep19.1
sent.deep19.6-I30x_HG006_grapev1_0.	I30x_HG006_grapev1_0.	sent.deep19.6	425.4331	0:07:05	32043.75	746164.04	20597.38	20971.6	1070.71	0.51	3389.35	126.73	i192-dy-all-7	10.0.1.119	192	0.2979	c7i.48xlarge	us-west-2d	2.7237	42	0.07041	sent	deep19.6
sent.deep19.7-I30x_HG006_grapev1_0.	I30x_HG006_grapev1_0.	sent.deep19.7	435.8841	0:07:15	31471.41	521603.45	20153.18	20527.43	1151.8	0.52	3127.99	4129.23	i192-dy-all-4	10.0.1.228	192	9.4732	c7i.metal-48xl	us-west-2d	2.3176	42	0.061384	sent	deep19.7
sent.deep19.4-I30x_HG006_grapev1_0.	I30x_HG006_grapev1_0.	sent.deep19.4	447.6588	0:07:27	32460.78	537882.01	21009.76	21384.08	1353.36	0.48	3434.82	3228.23	i192-dy-all-8	10.0.1.114	192	7.2114	m7i.metal-48xl	us-west-2d	2.7675	42	0.07528	sent	deep19.4
sent.gatk.snv-I30x_HG006_grapev1_0.	I30x_HG006_grapev1_0.	sent.gatk.snv	555.2338	0:09:15	19482.14	50910.12	18953.0	18958.35	85323.02	664.54	6660.92	28.97	i192mem-dy-all-14	10.0.1.82	192	0.0522	m7i.metal-48xl	us-west-2d	2.7675	192	0.426836	sent	gatk.snv
sent.deep19.5-I30x_HG006_grapev1_0.	I30x_HG006_grapev1_0.	sent.deep19.5	386.7057	0:06:26	31854.63	534808.66	20484.82	20858.12	1248.07	0.46	3436.48	2593.67	i192-dy-all-4	10.0.1.228	192	6.7071	c7i.metal-48xl	us-west-2d	2.3176	42	0.054458	sent	deep19.5
dirsetup-I30x_HG007_grapev1_0.	I30x_HG007_grapev1_0.	dirsetup	0.3705	0:00:00	15.96	39.73	6.99	7.49	0.0	0.0	0.0	0.0	ip-10-0-0-232	44.245.132.30	8	0.0	r7i.2xlarge	us-west-2d	0.2127	1	3e-06	dirsetup	NA
sent.deep19.merge-I30x_HG007_grapev1_0.	I30x_HG007_grapev1_0.	sent.deep19.merge	53.9054	0:00:53	85.32	2760.19	80.05	81.07	186.07	246.01	28.11	0.51	i192-dy-all-2	10.0.1.192	192	0.0095	c7i.metal-48xl	us-west-2d	2.324	4	0.000725	sent	deep19.merge
sent.sentd.1-24-I30x_HG007_grapev1_0.	I30x_HG007_grapev1_0.	sent.sentd.1-24	639.1939	0:10:39	29945.51	33657.19	30008.39	30013.78	15310.02	6772.19	12861.15	37819.24	i192-dy-all-3	10.0.1.178	192	59.1671	m7i.metal-48xl	us-west-2d	2.7675	192	0.49138	sent	sentd.1-24
sent.deep19.22-I30x_HG007_grapev1_0.	I30x_HG007_grapev1_0.	sent.deep19.22	212.7863	0:03:32	30372.23	500507.31	19102.05	19474.56	828.34	0.39	2022.67	1866.6	i192-dy-all-13	10.0.1.181	192	8.7722	m7i.metal-48xl	us-west-2d	2.7675	42	0.035783	sent	deep19.22
sent.deep19.23-I30x_HG007_grapev1_0.	I30x_HG007_grapev1_0.	sent.deep19.23	361.9704	0:06:01	31837.54	743668.95	19614.45	19990.29	1438.29	0.52	2914.77	144.58	i128-dy-c6gb256-1	10.0.1.19	128	0.3994	c6i.32xlarge	us-west-2d	1.4618	42	0.048228	sent	deep19.23
sent.deep19.20-I30x_HG007_grapev1_0.	I30x_HG007_grapev1_0.	sent.deep19.20	211.2211	0:03:31	30618.38	495710.99	19321.44	19695.96	384.61	0.4	2185.36	1871.65	i192-dy-all-6	10.0.1.204	192	8.8611	c7i.48xlarge	us-west-2d	2.7237	42	0.034958	sent	deep19.20
sent.deep19.21-I30x_HG007_grapev1_0.	I30x_HG007_grapev1_0.	sent.deep19.21	205.165	0:03:25	30512.78	496380.78	19167.86	19540.44	826.23	0.41	1573.4	33.08	i192-dy-all-11	10.0.1.251	192	0.1612	m7i.metal-48xl	us-west-2d	2.7675	42	0.034501	sent	deep19.21
sent.mrkdup-I30x_HG007_grapev1_0.	I30x_HG007_grapev1_0.	sent.mrkdup	538.5223	0:08:58	379531.72	419751.57	379621.1	379621.85	4279.75	11628.41	5962.68	32114.17	i192mem-dy-all-1	10.0.1.162	192	59.6339	m7i.metal-48xl	us-west-2d	2.7675	192	0.413989	sent	mrkdup
sent.deep19.24-I30x_HG007_grapev1_0.	I30x_HG007_grapev1_0.	sent.deep19.24	214.0448	0:03:34	34043.56	550072.54	21742.7	22118.01	410.61	0.37	1651.31	936.98	i128-dy-c6gb256-4	10.0.1.20	128	4.3775	c6i.32xlarge	us-west-2d	1.4618	42	0.028519	sent	deep19.24
sent.deep19.9-I30x_HG007_grapev1_0.	I30x_HG007_grapev1_0.	sent.deep19.9	379.2298	0:06:19	31118.68	494451.45	19847.6	20219.97	576.58	0.46	3113.08	3529.02	i192-dy-all-2	10.0.1.192	192	9.3058	c7i.metal-48xl	us-west-2d	2.3176	42	0.053406	sent	deep19.9
sent.deep19.8-I30x_HG007_grapev1_0.	I30x_HG007_grapev1_0.	sent.deep19.8	415.9611	0:06:55	31948.1	744281.25	19734.34	20108.06	1113.46	0.53	2573.26	167.58	i128-dy-c6gb256-4	10.0.1.20	128	0.4029	c6i.32xlarge	us-west-2d	1.4618	42	0.055421	sent	deep19.8
sent.alNsort-I30x_HG007_grapev1_0.	I30x_HG007_grapev1_0.	sent.alNsort	1752.5259	0:29:12	231781.57	277341.81	231862.4	231867.75	4546.35	43431.38	4887.18	5312.42	i192mem-dy-all-1	10.0.1.162	192	3.0313	m7i.metal-48xl	us-west-2d	2.7675	192	1.347254	sent	alNsort
sent.sentd.concordance-I30x_HG007_grapev1_0.	I30x_HG007_grapev1_0.	sent.sentd.concordance	2525.8954	0:42:05	103400.07	362436.6	103405.57	103414.62	2883.51	10793.97	85.34	477.31	i192-dy-all-2	10.0.1.192	192	0.189	c7i.metal-48xl	us-west-2d	2.324	48	0.407651	sent	sentd.concordance
sent.deep19.concordance-I30x_HG007_grapev1_0.	I30x_HG007_grapev1_0.	sent.deep19.concordance	1117.3769	0:18:37	60850.13	362436.6	60865.68	60871.81	1633.08	4608.44	119.98	203.92	i192-dy-all-4	10.0.1.228	192	0.1825	c7i.metal-48xl	us-west-2d	2.324	48	0.180332	sent	deep19.concordance
sent.deep19.19-I30x_HG007_grapev1_0.	I30x_HG007_grapev1_0.	sent.deep19.19	188.8488	0:03:08	30376.72	506707.61	19079.6	19454.69	257.17	0.41	2291.1	37.5	i192-dy-all-15	10.0.1.238	192	0.1986	m7i.metal-48xl	us-west-2d	2.7675	42	0.031758	sent	deep19.19
sent.deep19.18-I30x_HG007_grapev1_0.	I30x_HG007_grapev1_0.	sent.deep19.18	228.886	0:03:48	30433.49	491922.01	19111.13	19482.85	529.31	0.41	2873.01	1872.17	i192-dy-all-7	10.0.1.119	192	8.1795	c7i.48xlarge	us-west-2d	2.7237	42	0.037881	sent	deep19.18
sent.deep19.16-I30x_HG007_grapev1_0.	I30x_HG007_grapev1_0.	sent.deep19.16	235.3048	0:03:55	30487.97	497866.09	19207.13	19583.0	468.01	0.4	2778.63	1716.67	i192-dy-all-15	10.0.1.238	192	7.2955	m7i.metal-48xl	us-west-2d	2.7675	42	0.03957	sent	deep19.16
sent.deep19.17-I30x_HG007_grapev1_0.	I30x_HG007_grapev1_0.	sent.deep19.17	239.7285	0:03:59	30675.54	516865.65	19345.2	19722.5	384.16	0.4	2566.28	1987.51	i192-dy-all-12	10.0.1.220	192	8.2907	m7i.metal-48xl	us-west-2d	2.7675	42	0.040314	sent	deep19.17
sent.deep19.1-I30x_HG007_grapev1_0.	I30x_HG007_grapev1_0.	sent.deep19.1	592.5427	0:09:52	33064.86	740849.95	21767.03	22142.33	1538.1	0.59	3528.18	60.11	i192-dy-all-8	10.0.1.114	192	0.1014	m7i.metal-48xl	us-west-2d	2.7675	42	0.099644	sent	deep19.1
sent.gatk.bsqr-I30x_HG007_grapev1_0.	I30x_HG007_grapev1_0.	sent.gatk.bsqr	1234.0956	0:20:34	39979.85	72325.14	31428.63	31433.97	15970.03	77157.07	2713.76	16.56	i192mem-dy-all-1	10.0.1.162	192	0.0134	m7i.metal-48xl	us-west-2d	2.7675	192	0.948711	sent	gatk.bsqr
sent.deep19.2-I30x_HG007_grapev1_0.	I30x_HG007_grapev1_0.	sent.deep19.2	546.7723	0:09:06	32794.78	510586.75	21282.5	21655.54	1311.55	0.47	3434.16	4319.37	i192-dy-all-2	10.0.1.192	192	7.8998	c7i.metal-48xl	us-west-2d	2.324	42	0.077213	sent	deep19.2
sent.deep19.14-I30x_HG007_grapev1_0.	I30x_HG007_grapev1_0.	sent.deep19.14	222.031	0:03:42	30502.0	499529.29	19163.73	19536.28	550.66	0.38	2674.18	1714.54	i192-dy-all-16	10.0.1.239	192	7.7221	m7i.metal-48xl	us-west-2d	2.7675	42	0.037338	sent	deep19.14
sent.deep19.3-I30x_HG007_grapev1_0.	I30x_HG007_grapev1_0.	sent.deep19.3	403.2433	0:06:43	32030.8	491349.98	20526.93	20891.8	1192.88	0.48	3325.65	28.84	i192-dy-all-13	10.0.1.181	192	0.0715	m7i.metal-48xl	us-west-2d	2.7675	42	0.067811	sent	deep19.3
sent.deep19.15-I30x_HG007_grapev1_0.	I30x_HG007_grapev1_0.	sent.deep19.15	227.6727	0:03:47	30609.73	488449.83	19217.86	19590.05	447.13	0.4	3136.34	1746.59	i192-dy-all-15	10.0.1.238	192	7.6715	m7i.metal-48xl	us-west-2d	2.7675	42	0.038286	sent	deep19.15
sent.gatk.concordance-I30x_HG007_grapev1_0.	I30x_HG007_grapev1_0.	sent.gatk.concordance	1944.6736	0:32:24	77773.83	362436.6	77744.63	77753.52	3081.3	7506.77	79.53	291.03	i192-dy-all-6	10.0.1.65	192	0.1497	c7i.metal-48xl	us-west-2d	2.324	48	0.313849	sent	gatk.concordance
sent.gatk.snv-I30x_HG007_grapev1_0.	I30x_HG007_grapev1_0.	sent.gatk.snv	462.0368	0:07:42	20626.15	51848.12	20651.59	20656.9	80280.55	359.52	9784.79	27.66	i192mem-dy-all-3	10.0.1.102	192	0.0599	m7i.metal-48xl	us-west-2d	2.7675	192	0.355191	sent	gatk.snv
sent.deep19.7-I30x_HG001_grapev1_0.	I30x_HG001_grapev1_0.	sent.deep19.7	510.2464	0:08:30	32430.55	741851.58	20137.13	20513.67	1037.4	0.55	2720.0	198.33	i128-dy-m6gb512-1	10.0.1.222	128	0.3887	m6i.32xlarge	us-west-2d	1.5907	42	0.073978	sent	deep19.7
sent.deep19.6-I30x_HG001_grapev1_0.	I30x_HG001_grapev1_0.	sent.deep19.6	408.7038	0:06:48	31639.93	528665.27	20237.98	20611.84	976.96	0.46	3335.5	41.72	i192-dy-all-6	10.0.1.204	192	0.1021	c7i.48xlarge	us-west-2d	2.7237	42	0.067642	sent	deep19.6
sent.deep19.5-I30x_HG001_grapev1_0.	I30x_HG001_grapev1_0.	sent.deep19.5	370.812	0:06:10	31666.0	508846.71	20325.15	20700.49	1189.98	0.46	3225.43	3066.55	i192-dy-all-16	10.0.1.239	192	8.2698	m7i.metal-48xl	us-west-2d	2.7675	42	0.062357	sent	deep19.5
sent.gatk.snv-I30x_HG001_grapev1_0.	I30x_HG001_grapev1_0.	sent.gatk.snv	489.5313	0:08:09	20025.49	51410.12	19759.93	19765.28	80971.32	918.23	7781.82	30.03	i192mem-dy-all-2	10.0.1.147	192	0.0613	m7i.metal-48xl	us-west-2d	2.7675	192	0.376327	sent	gatk.snv
sent.sentd.1-24-I30x_HG001_grapev1_0.	I30x_HG001_grapev1_0.	sent.sentd.1-24	628.591	0:10:28	29807.64	33806.27	29796.4	29801.81	12339.38	6320.48	12487.25	37479.09	i192mem-dy-all-7	10.0.1.11	192	59.624	m7i.metal-48xl	us-west-2d	2.7675	192	0.483229	sent	sentd.1-24
sent.deep19.4-I30x_HG001_grapev1_0.	I30x_HG001_grapev1_0.	sent.deep19.4	452.2631	0:07:32	32137.02	522424.89	20709.58	21083.3	1141.0	0.51	3304.32	39.49	i192-dy-all-15	10.0.1.238	192	0.0873	m7i.metal-48xl	us-west-2d	2.7675	42	0.076054	sent	deep19.4
sent.mrkdup-I30x_HG001_grapev1_0.	I30x_HG001_grapev1_0.	sent.mrkdup	524.8776	0:08:44	405574.46	445457.23	405645.67	405646.4	7624.83	10152.4	6216.7	32641.91	i192mem-dy-all-5	10.0.1.168	192	62.1896	m7i.metal-48xl	us-west-2d	2.7675	192	0.4035	sent	mrkdup
sent.deep19.3-I30x_HG001_grapev1_0.	I30x_HG001_grapev1_0.	sent.deep19.3	480.6517	0:08:00	31848.55	743342.26	20517.81	20889.68	1180.92	0.51	2895.93	105.23	i192-dy-all-11	10.0.1.251	192	0.2189	m7i.metal-48xl	us-west-2d	2.7675	42	0.080828	sent	deep19.3
sent.deep19.concordance-I30x_HG001_grapev1_0.	I30x_HG001_grapev1_0.	sent.deep19.concordance	1172.9845	0:19:32	79549.43	362438.31	79298.19	79307.08	1336.15	4853.2	137.02	394.27	i192-dy-all-2	10.0.1.192	192	0.3361	c7i.metal-48xl	us-west-2d	2.324	48	0.189307	sent	deep19.concordance
sent.deep19.2-I30x_HG001_grapev1_0.	I30x_HG001_grapev1_0.	sent.deep19.2	547.0149	0:09:07	32550.37	491837.24	20972.91	21347.14	1409.67	0.47	3480.63	4012.82	i192-dy-all-4	10.0.1.228	192	7.3359	c7i.metal-48xl	us-west-2d	2.324	42	0.077247	sent	deep19.2
sent.deep19.12-I30x_HG007_grapev1_0.	I30x_HG007_grapev1_0.	sent.deep19.12	337.7244	0:05:37	31089.2	742323.68	19679.52	20054.19	834.68	0.52	3193.73	147.15	i192-dy-all-12	10.0.1.220	192	0.4357	m7i.metal-48xl	us-west-2d	2.7675	42	0.056793	sent	deep19.12
sent.deep19.1-I30x_HG001_grapev1_0.	I30x_HG001_grapev1_0.	sent.deep19.1	592.3182	0:09:52	33483.83	507974.36	21968.09	22342.37	1535.95	0.57	3550.43	39.59	i192-dy-all-9	10.0.1.99	192	0.0668	m7i.metal-48xl	us-west-2d	2.7675	42	0.099607	sent	deep19.1
sent.deep19.4-I30x_HG007_grapev1_0.	I30x_HG007_grapev1_0.	sent.deep19.4	455.0022	0:07:35	32227.06	529739.62	20912.43	21285.15	992.76	0.51	3234.44	3335.59	i192-dy-all-6	10.0.1.204	192	7.3309	c7i.48xlarge	us-west-2d	2.7237	42	0.075304	sent	deep19.4
sent.sentd.concordance-I30x_HG001_grapev1_0.	I30x_HG001_grapev1_0.	sent.sentd.concordance	2416.9366	0:40:16	97071.13	362436.6	97100.84	97102.08	2278.35	10804.51	92.67	421.76	i192-dy-all-2	10.0.1.192	192	0.1745	c7i.metal-48xl	us-west-2d	2.324	48	0.390067	sent	sentd.concordance
sent.deep19.20-I30x_HG001_grapev1_0.	I30x_HG001_grapev1_0.	sent.deep19.20	248.3092	0:04:08	31624.08	503347.99	19443.8	19817.48	1133.06	0.41	3147.69	2631.14	i128-dy-c6gb256-3	10.0.1.74	128	10.5962	c6i.32xlarge	us-west-2d	1.4618	42	0.033084	sent	deep19.20
sent.sentd.concat.fofn-I30x_HG001_grapev1_0.	I30x_HG001_grapev1_0.	sent.sentd.concat.fofn	0.3582	0:00:00	3.38	7.71	0.13	0.31	0.0	0.0	0.0	0.0	ip-10-0-0-232	44.245.132.30	8	0.0	r7i.2xlarge	us-west-2d	0.2146	1	3e-06	sent	sentd.concat.fofn
sent.deep19.merge-I30x_HG001_grapev1_0.	I30x_HG001_grapev1_0.	sent.deep19.merge	84.5673	0:01:24	93.0	2761.38	87.86	88.9	95.63	108.86	28.78	24.66	i192-dy-all-2	10.0.1.192	192	0.2916	c7i.metal-48xl	us-west-2d	2.324	4	0.001137	sent	deep19.merge
sent.deep19.concat.fofn-I30x_HG007_grapev1_0.	I30x_HG007_grapev1_0.	sent.deep19.concat.fofn	0.5425	0:00:00	16.5	47.85	10.62	11.21	0.0	0.0	0.0	0.03	i192-dy-all-2	10.0.1.192	192	0.0553	c7i.metal-48xl	us-west-2d	2.324	2	4e-06	sent	deep19.concat.fofn
sent.deep19.13-I30x_HG007_grapev1_0.	I30x_HG007_grapev1_0.	sent.deep19.13	305.3589	0:05:05	31797.45	496749.39	19544.82	19921.2	823.32	0.43	2866.09	2027.88	i128-dy-c6gb256-1	10.0.1.19	128	6.641	c6i.32xlarge	us-west-2d	1.4618	42	0.040685	sent	deep19.13
sent.deep19.5-I30x_HG007_grapev1_0.	I30x_HG007_grapev1_0.	sent.deep19.5	410.3875	0:06:50	31667.5	509973.3	20355.91	20728.91	1001.84	0.47	3055.06	2021.78	i192-dy-all-6	10.0.1.204	192	4.9265	c7i.48xlarge	us-west-2d	2.7237	42	0.06792	sent	deep19.5
sent.deep19.21-I30x_HG001_grapev1_0.	I30x_HG001_grapev1_0.	sent.deep19.21	156.6733	0:02:36	30382.78	743069.64	19035.62	19409.51	257.18	0.44	1582.28	79.87	i192-dy-all-2	10.0.1.192	192	0.5098	c7i.metal-48xl	us-west-2d	2.3176	42	0.022064	sent	deep19.21
sent.sentd.concat.fofn-I30x_HG007_grapev1_0.	I30x_HG007_grapev1_0.	sent.sentd.concat.fofn	0.3695	0:00:00	3.25	7.71	0.13	0.31	0.0	0.0	0.0	0.0	ip-10-0-0-232	44.245.132.30	8	0.0	r7i.2xlarge	us-west-2d	0.2146	1	3e-06	sent	sentd.concat.fofn
sent.sentd.merge-I30x_HG001_grapev1_0.	I30x_HG001_grapev1_0.	sent.sentd.merge	25.5019	0:00:25	46.14	1066.48	45.12	45.35	0.01	215.21	153.79	39.72	i192-dy-all-2	10.0.1.192	192	1.5575	c7i.metal-48xl	us-west-2d	2.324	4	0.000343	sent	sentd.merge
sent.deep19.concat.fofn-I30x_HG001_grapev1_0.	I30x_HG001_grapev1_0.	sent.deep19.concat.fofn	0.564	0:00:00	16.5	47.88	7.29	8.7	0.0	0.0	0.0	0.03	i192-dy-all-2	10.0.1.192	192	0.0532	c7i.metal-48xl	us-west-2d	2.324	2	4e-06	sent	deep19.concat.fofn
sent.deep19.6-I30x_HG007_grapev1_0.	I30x_HG007_grapev1_0.	sent.deep19.6	458.7272	0:07:38	31709.78	589520.16	20356.21	20728.95	1020.15	0.5	2951.43	3584.45	i192-dy-all-10	10.0.1.81	192	7.8139	m7i.metal-48xl	us-west-2d	2.7675	42	0.077141	sent	deep19.6
sent.deep19.22-I30x_HG001_grapev1_0.	I30x_HG001_grapev1_0.	sent.deep19.22	160.2028	0:02:40	30333.49	495843.84	19041.89	19415.23	257.31	0.37	2006.99	1808.77	i192-dy-all-13	10.0.1.181	192	11.2905	m7i.metal-48xl	us-west-2d	2.7675	42	0.02694	sent	deep19.22
sent.deep19.23-I30x_HG001_grapev1_0.	I30x_HG001_grapev1_0.	sent.deep19.23	278.05	0:04:38	30882.62	495930.86	19596.48	19970.22	643.43	0.42	3340.9	2192.39	i192mem-dy-all-14	10.0.1.82	192	7.8849	m7i.metal-48xl	us-west-2d	2.7675	42	0.046758	sent	deep19.23
sent.deep19.10-I30x_HG007_grapev1_0.	I30x_HG007_grapev1_0.	sent.deep19.10	360.2119	0:06:00	31635.58	507849.43	20168.29	20543.44	961.23	0.45	3002.28	2838.28	i192-dy-all-15	10.0.1.238	192	7.8795	m7i.metal-48xl	us-west-2d	2.7675	42	0.060575	sent	deep19.10
sent.sentd.merge-I30x_HG007_grapev1_0.	I30x_HG007_grapev1_0.	sent.sentd.merge	30.6133	0:00:30	47.44	1066.48	45.13	45.57	304.17	176.31	115.2	35.47	i192-dy-all-2	10.0.1.192	192	1.1586	c7i.metal-48xl	us-west-2d	2.324	4	0.000412	sent	sentd.merge
sent.deep19.24-I30x_HG001_grapev1_0.	I30x_HG001_grapev1_0.	sent.deep19.24	152.2109	0:02:32	33090.45	740315.4	21715.44	22089.85	194.66	0.41	2227.13	47.46	i192-dy-all-9	10.0.1.99	192	0.3118	m7i.metal-48xl	us-west-2d	2.7675	42	0.025596	sent	deep19.24
sent.gatk.concordance-I30x_HG001_grapev1_0.	I30x_HG001_grapev1_0.	sent.gatk.concordance	1970.0167	0:32:50	86701.65	356987.86	86690.82	86691.37	2677.07	7845.56	101.91	453.46	i192-dy-all-6	10.0.1.204	192	0.2302	c7i.48xlarge	us-west-2d	2.7237	48	0.37262	sent	gatk.concordance
sent.deep19.7-I30x_HG007_grapev1_0.	I30x_HG007_grapev1_0.	sent.deep19.7	409.2762	0:06:49	31607.24	515724.84	20250.12	20624.82	967.49	0.48	3491.12	3704.31	i192-dy-all-16	10.0.1.239	192	9.0509	m7i.metal-48xl	us-west-2d	2.7675	42	0.068826	sent	deep19.7
sent.deep19.8-I30x_HG001_grapev1_0.	I30x_HG001_grapev1_0.	sent.deep19.8	353.1687	0:05:53	31960.7	490589.66	19759.72	20126.34	601.65	0.42	3545.73	2346.65	i128-dy-m6gb512-1	10.0.1.222	128	6.6446	m6i.32xlarge	us-west-2d	1.5907	42	0.051204	sent	deep19.8
sent.deep19.9-I30x_HG001_grapev1_0.	I30x_HG001_grapev1_0.	sent.deep19.9	330.8141	0:05:30	31150.54	499242.04	19881.08	20254.91	532.81	4.5	3237.06	38.57	i192-dy-all-13	10.0.1.181	192	0.1166	m7i.metal-48xl	us-west-2d	2.7675	42	0.055631	sent	deep19.9
sent.deep19.11-I30x_HG007_grapev1_0.	I30x_HG007_grapev1_0.	sent.deep19.11	322.9321	0:05:22	31071.71	497838.79	19712.65	20086.3	644.68	0.42	3343.02	2598.98	i192-dy-all-4	10.0.1.228	192	8.0481	c7i.metal-48xl	us-west-2d	2.324	42	0.045603	sent	deep19.11
sent.alNsort-I30x_HG001_grapev1_0.	I30x_HG001_grapev1_0.	sent.alNsort	1645.2586	0:27:25	231550.02	277718.44	231791.7	231797.24	4545.77	40287.34	5085.99	5186.33	i192mem-dy-all-5	10.0.1.168	192	3.1523	m7i.metal-48xl	us-west-2d	2.7675	192	1.264793	sent	alNsort
sent.deep19.19-I30x_HG001_grapev1_0.	I30x_HG001_grapev1_0.	sent.deep19.19	202.7882	0:03:22	30375.43	741380.82	19092.47	19464.78	949.14	0.43	2404.8	85.94	i192-dy-all-15	10.0.1.238	192	0.4238	m7i.metal-48xl	us-west-2d	2.7675	42	0.034102	sent	deep19.19
sent.deep19.18-I30x_HG001_grapev1_0.	I30x_HG001_grapev1_0.	sent.deep19.18	204.931	0:03:24	30328.43	496636.05	19064.35	19436.23	929.99	0.4	2560.52	1042.55	i192-dy-all-12	10.0.1.220	192	5.0873	m7i.metal-48xl	us-west-2d	2.7675	42	0.034462	sent	deep19.18
sent.deep19.14-I30x_HG001_grapev1_0.	I30x_HG001_grapev1_0.	sent.deep19.14	225.2002	0:03:45	30460.29	506274.64	19151.82	19526.84	602.06	0.39	2613.57	1752.8	i192-dy-all-7	10.0.1.119	192	7.7833	c7i.48xlarge	us-west-2d	2.7237	42	0.037271	sent	deep19.14
sent.deep19.15-I30x_HG001_grapev1_0.	I30x_HG001_grapev1_0.	sent.deep19.15	226.5333	0:03:46	30500.52	494994.18	19177.11	19549.69	449.16	0.38	2656.7	1928.06	i192-dy-all-4	10.0.1.228	192	8.5112	c7i.metal-48xl	us-west-2d	2.3176	42	0.031902	sent	deep19.15
sent.deep19.16-I30x_HG001_grapev1_0.	I30x_HG001_grapev1_0.	sent.deep19.16	254.1254	0:04:14	30439.76	496945.06	19206.68	19580.14	447.54	0.43	2474.33	30.26	i192-dy-all-15	10.0.1.238	192	0.1191	m7i.metal-48xl	us-west-2d	2.7675	42	0.042735	sent	deep19.16
sent.deep19.17-I30x_HG001_grapev1_0.	I30x_HG001_grapev1_0.	sent.deep19.17	303.2422	0:05:03	30783.16	517307.06	19404.83	19778.42	1131.62	0.42	2404.8	2325.04	i192-dy-all-9	10.0.1.99	192	7.6673	m7i.metal-48xl	us-west-2d	2.7675	42	0.050994	sent	deep19.17
sent.gatk.bsqr-I30x_HG001_grapev1_0.	I30x_HG001_grapev1_0.	sent.gatk.bsqr	946.9867	0:15:46	32408.58	71717.14	34360.39	34365.71	14957.76	77860.72	3325.68	10.19	i192mem-dy-all-5	10.0.1.168	192	0.0108	m7i.metal-48xl	us-west-2d	2.7675	192	0.727996	sent	gatk.bsqr
sent.deep19.10-I30x_HG001_grapev1_0.	I30x_HG001_grapev1_0.	sent.deep19.10	348.3212	0:05:48	31458.92	509740.05	20117.86	20490.91	854.87	0.49	2962.08	30.9	i192-dy-all-13	10.0.1.181	192	0.0887	m7i.metal-48xl	us-west-2d	2.7675	42	0.058575	sent	deep19.10
sent.deep19.11-I30x_HG001_grapev1_0.	I30x_HG001_grapev1_0.	sent.deep19.11	323.8193	0:05:23	30876.24	490609.18	19637.71	20012.88	892.68	0.42	2816.38	2580.66	i192-dy-all-6	10.0.1.204	192	7.9694	c7i.48xlarge	us-west-2d	2.7237	42	0.053593	sent	deep19.11
sent.deep19.12-I30x_HG001_grapev1_0.	I30x_HG001_grapev1_0.	sent.deep19.12	326.674	0:05:26	31052.05	495698.63	19614.13	19988.07	641.38	0.42	3303.85	2293.03	i192-dy-all-7	10.0.1.119	192	7.0193	c7i.48xlarge	us-west-2d	2.7237	42	0.054065	sent	deep19.12
sent.deep19.13-I30x_HG001_grapev1_0.	I30x_HG001_grapev1_0.	sent.deep19.13	262.5782	0:04:22	30703.05	497034.52	19391.52	19766.9	573.49	0.43	2753.4	2303.65	i192-dy-all-11	10.0.1.251	192	8.7732	m7i.metal-48xl	us-west-2d	2.7675	42	0.044156	sent	deep19.13
sent.sentd.merge-I30x_HG004_grapev1_0.	I30x_HG004_grapev1_0.	sent.sentd.merge	27.6912	0:00:27	46.18	1066.46	45.11	45.33	1.66	211.64	140.79	39.49	i192-dy-all-6	10.0.1.204	192	1.4261	c7i.48xlarge	us-west-2d	2.7237	4	0.000436	sent	sentd.merge
sent.deep19.merge-I30x_HG004_grapev1_0.	I30x_HG004_grapev1_0.	sent.deep19.merge	271.9323	0:04:31	90.96	2761.19	91.37	91.63	318.11	249.21	10.85	0.02	i192-dy-all-6	10.0.1.204	192	0.0001	c7i.48xlarge	us-west-2d	2.7237	4	0.004286	sent	deep19.merge
sent.deep19.24-I30x_HG004_grapev1_0.	I30x_HG004_grapev1_0.	sent.deep19.24	175.7755	0:02:55	34045.43	545182.11	21748.24	22123.61	128.01	0.35	1984.35	672.73	i128-dy-c6gb256-4	10.0.1.20	128	3.8272	c6i.32xlarge	us-west-2d	1.4618	42	0.02342	sent	deep19.24
sent.alNsort-I30x_HG004_grapev1_0.	I30x_HG004_grapev1_0.	sent.alNsort	1753.6987	0:29:13	232038.67	277767.65	232317.49	232323.06	4547.23	43606.29	5105.4	5532.69	i192mem-dy-all-3	10.0.1.102	192	3.1549	m7i.metal-48xl	us-west-2d	2.7675	192	1.348156	sent	alNsort
sent.deep19.21-I30x_HG004_grapev1_0.	I30x_HG004_grapev1_0.	sent.deep19.21	220.0394	0:03:40	31357.43	495782.79	19132.57	19506.99	817.05	0.39	1679.87	1297.42	i128-dy-c6gb256-4	10.0.1.20	128	5.8963	c6i.32xlarge	us-west-2d	1.4618	42	0.029317	sent	deep19.21
sent.deep19.20-I30x_HG004_grapev1_0.	I30x_HG004_grapev1_0.	sent.deep19.20	237.7599	0:03:57	30703.7	503603.26	19445.36	19819.86	835.96	0.44	2449.85	38.43	i192-dy-all-16	10.0.1.239	192	0.1616	m7i.metal-48xl	us-west-2d	2.7675	42	0.039983	sent	deep19.20
sent.deep19.23-I30x_HG004_grapev1_0.	I30x_HG004_grapev1_0.	sent.deep19.23	316.4052	0:05:16	30912.28	498619.2	19602.79	19974.44	699.15	0.41	2737.62	35.78	i192-dy-all-4	10.0.1.228	192	0.1131	c7i.metal-48xl	us-west-2d	2.3176	42	0.044558	sent	deep19.23
sent.deep19.22-I30x_HG004_grapev1_0.	I30x_HG004_grapev1_0.	sent.deep19.22	155.4294	0:02:35	30395.41	739499.5	19108.87	19479.39	393.36	0.39	2077.28	50.52	i192-dy-all-4	10.0.1.228	192	0.325	c7i.metal-48xl	us-west-2d	2.3176	42	0.021889	sent	deep19.22
sent.deep19.5-I30x_HG004_grapev1_0.	I30x_HG004_grapev1_0.	sent.deep19.5	416.858	0:06:56	31699.02	501794.76	20430.67	20807.17	1184.7	7.85	3040.32	39.51	i192-dy-all-12	10.0.1.220	192	0.0948	m7i.metal-48xl	us-west-2d	2.7675	42	0.070101	sent	deep19.5
sent.deep19.18-I30x_HG004_grapev1_0.	I30x_HG004_grapev1_0.	sent.deep19.18	253.4738	0:04:13	30439.11	491140.18	19120.52	19491.31	719.43	0.41	2382.85	1337.46	i192-dy-all-10	10.0.1.81	192	5.2765	m7i.metal-48xl	us-west-2d	2.7675	42	0.042625	sent	deep19.18
sent.gatk.snv-I30x_HG004_grapev1_0.	I30x_HG004_grapev1_0.	sent.gatk.snv	482.9899	0:08:02	19464.05	50545.12	19706.32	19711.67	82590.27	1305.3	8282.87	4.27	i192mem-dy-all-1	10.0.1.162	192	0.0088	m7i.metal-48xl	us-west-2d	2.7675	192	0.371298	sent	gatk.snv
sent.deep19.19-I30x_HG004_grapev1_0.	I30x_HG004_grapev1_0.	sent.deep19.19	240.7224	0:04:00	30401.2	505034.45	19041.43	19414.8	507.17	0.41	2189.55	1823.28	i192-dy-all-13	10.0.1.181	192	7.5742	m7i.metal-48xl	us-west-2d	2.7675	42	0.040481	sent	deep19.19
sent.deep19.4-I30x_HG004_grapev1_0.	I30x_HG004_grapev1_0.	sent.deep19.4	511.219	0:08:31	32157.04	530338.21	20766.93	21142.69	1264.76	0.56	2608.33	38.32	i192-dy-all-9	10.0.1.99	192	0.075	m7i.metal-48xl	us-west-2d	2.7675	42	0.085969	sent	deep19.4
sent.deep19.7-I30x_HG004_grapev1_0.	I30x_HG004_grapev1_0.	sent.deep19.7	434.3237	0:07:14	31321.56	740812.82	20145.05	20517.71	704.96	0.59	3156.33	167.45	i192-dy-all-4	10.0.1.228	192	0.3855	c7i.metal-48xl	us-west-2d	2.3176	42	0.061164	sent	deep19.7
sent.sentd.1-24-I30x_HG004_grapev1_0.	I30x_HG004_grapev1_0.	sent.sentd.1-24	655.9097	0:10:55	29517.68	33450.68	29562.16	29567.58	12720.88	7100.95	12327.21	37902.47	i192-dy-all-1	10.0.1.31	192	57.7861	c7i.metal-48xl	us-west-2d	2.324	192	0.423426	sent	sentd.1-24
sent.sentd.concordance-I30x_HG004_grapev1_0.	I30x_HG004_grapev1_0.	sent.sentd.concordance	2311.2281	0:38:31	89094.32	717617.03	89107.8	89116.68	2915.01	11402.4	63.56	226.51	i192-dy-all-3	10.0.1.178	192	0.098	m7i.metal-48xl	us-west-2d	2.7675	48	0.444189	sent	sentd.concordance
sent.deep19.6-I30x_HG004_grapev1_0.	I30x_HG004_grapev1_0.	sent.deep19.6	482.8993	0:08:02	32664.83	742403.39	20289.03	20666.37	1136.25	0.53	2905.79	87.2	i128-dy-c6gb256-2	10.0.1.51	128	0.1806	c6i.32xlarge	us-west-2d	1.4618	42	0.06434	sent	deep19.6
sent.mrkdup-I30x_HG004_grapev1_0.	I30x_HG004_grapev1_0.	sent.mrkdup	507.3107	0:08:27	380523.14	413042.37	366533.57	366534.29	5488.97	11564.39	6166.29	31288.18	i192mem-dy-all-3	10.0.1.102	192	61.6746	m7i.metal-48xl	us-west-2d	2.7675	192	0.389995	sent	mrkdup
sent.deep19.concat.fofn-I30x_HG004_grapev1_0.	I30x_HG004_grapev1_0.	sent.deep19.concat.fofn	0.6128	0:00:00	18.0	47.85	10.57	11.29	2.64	0.0	0.0	0.0	i192-dy-all-6	10.0.1.204	192	0.0	c7i.48xlarge	us-west-2d	2.7237	2	5e-06	sent	deep19.concat.fofn
sent.deep19.1-I30x_HG004_grapev1_0.	I30x_HG004_grapev1_0.	sent.deep19.1	582.4387	0:09:42	33387.04	745115.69	22066.38	22443.28	1220.97	0.56	3508.84	234.34	i192-dy-all-6	10.0.1.204	192	0.4023	c7i.48xlarge	us-west-2d	2.7237	42	0.096395	sent	deep19.1
sent.deep19.3-I30x_HG004_grapev1_0.	I30x_HG004_grapev1_0.	sent.deep19.3	466.8067	0:07:46	31880.32	494761.38	20564.47	20936.74	1214.61	0.5	3157.47	38.85	i192-dy-all-10	10.0.1.81	192	0.0832	m7i.metal-48xl	us-west-2d	2.7675	42	0.0785	sent	deep19.3
sent.deep19.2-I30x_HG004_grapev1_0.	I30x_HG004_grapev1_0.	sent.deep19.2	565.5641	0:09:25	32608.95	502046.27	21203.5	21577.47	1540.89	0.52	3343.18	36.39	i192-dy-all-2	10.0.1.192	192	0.0643	c7i.metal-48xl	us-west-2d	2.324	42	0.079866	sent	deep19.2
sent.deep19.11-I30x_HG004_grapev1_0.	I30x_HG004_grapev1_0.	sent.deep19.11	355.5607	0:05:55	30876.1	487952.3	19618.38	19989.75	640.19	0.41	2940.72	3111.73	i192-dy-all-2	10.0.1.192	192	8.7516	c7i.metal-48xl	us-west-2d	2.324	42	0.050211	sent	deep19.11
sent.deep19.10-I30x_HG004_grapev1_0.	I30x_HG004_grapev1_0.	sent.deep19.10	341.408	0:05:41	31540.98	740237.27	20153.14	20526.56	769.31	0.46	3182.25	65.85	i192-dy-all-15	10.0.1.238	192	0.1929	m7i.metal-48xl	us-west-2d	2.7675	42	0.057413	sent	deep19.10
sent.deep19.13-I30x_HG004_grapev1_0.	I30x_HG004_grapev1_0.	sent.deep19.13	262.9747	0:04:22	30849.26	486112.45	19577.31	19948.75	624.3	0.39	3233.71	2473.22	i192-dy-all-2	10.0.1.192	192	9.4048	c7i.metal-48xl	us-west-2d	2.324	42	0.037136	sent	deep19.13
sent.gatk.concordance-I30x_HG004_grapev1_0.	I30x_HG004_grapev1_0.	sent.gatk.concordance	1983.6227	0:33:03	106884.57	362436.6	106898.12	106907.01	2950.92	8406.48	77.19	300.59	i192-dy-all-6	10.0.1.65	192	0.1515	c7i.metal-48xl	us-west-2d	2.324	48	0.320135	sent	gatk.concordance
sent.deep19.concordance-I30x_HG004_grapev1_0.	I30x_HG004_grapev1_0.	sent.deep19.concordance	1290.8794	0:21:30	77858.23	356987.86	77823.96	77827.88	1421.41	5287.66	104.86	273.42	i192-dy-all-6	10.0.1.204	192	0.2118	c7i.48xlarge	us-west-2d	2.7237	48	0.244164	sent	deep19.concordance
sent.deep19.12-I30x_HG004_grapev1_0.	I30x_HG004_grapev1_0.	sent.deep19.12	345.7697	0:05:45	30906.76	492088.1	19606.26	19977.07	895.94	0.44	3091.42	2105.7	i192-dy-all-9	10.0.1.99	192	6.0899	m7i.metal-48xl	us-west-2d	2.7675	42	0.058146	sent	deep19.12
sent.deep19.8-I30x_HG004_grapev1_0.	I30x_HG004_grapev1_0.	sent.deep19.8	351.4097	0:05:51	31185.8	501561.21	19806.5	20179.77	873.08	0.45	3514.22	2640.83	i192mem-dy-all-14	10.0.1.82	192	7.515	m7i.metal-48xl	us-west-2d	2.7675	42	0.059094	sent	deep19.8
sent.deep19.15-I30x_HG004_grapev1_0.	I30x_HG004_grapev1_0.	sent.deep19.15	219.6701	0:03:39	30615.86	496003.07	19279.64	19653.62	484.41	0.41	2528.14	930.06	i192-dy-all-6	10.0.1.204	192	4.2339	c7i.48xlarge	us-west-2d	2.7237	42	0.036356	sent	deep19.15
sent.deep19.14-I30x_HG004_grapev1_0.	I30x_HG004_grapev1_0.	sent.deep19.14	229.1842	0:03:49	30617.7	504288.57	19247.02	19621.76	446.99	0.41	2815.68	1704.29	i192-dy-all-9	10.0.1.99	192	7.4363	m7i.metal-48xl	us-west-2d	2.7675	42	0.038541	sent	deep19.14
sent.deep19.9-I30x_HG004_grapev1_0.	I30x_HG004_grapev1_0.	sent.deep19.9	365.653	0:06:05	31870.61	511164.53	20431.39	20805.58	917.9	0.42	3358.35	2535.65	i192-dy-all-11	10.0.1.251	192	6.9346	m7i.metal-48xl	us-west-2d	2.7675	42	0.06149	sent	deep19.9
sent.sentd.concat.fofn-I30x_HG004_grapev1_0.	I30x_HG004_grapev1_0.	sent.sentd.concat.fofn	0.3529	0:00:00	3.25	7.71	0.13	0.3	0.0	0.0	0.0	0.0	ip-10-0-0-232	44.245.132.30	8	0.0	r7i.2xlarge	us-west-2d	0.2146	1	3e-06	sent	sentd.concat.fofn
sent.gatk.bsqr-I30x_HG004_grapev1_0.	I30x_HG004_grapev1_0.	sent.gatk.bsqr	1189.9519	0:19:49	37630.23	75351.14	37491.47	37496.81	15917.66	79378.78	2694.4	16.98	i192mem-dy-all-2	10.0.1.147	192	0.0143	m7i.metal-48xl	us-west-2d	2.7675	192	0.914776	sent	gatk.bsqr
sent.deep19.17-I30x_HG004_grapev1_0.	I30x_HG004_grapev1_0.	sent.deep19.17	281.0899	0:04:41	30802.73	744177.06	19379.02	19753.01	447.42	0.48	2918.29	134.35	i192-dy-all-6	10.0.1.204	192	0.478	c7i.48xlarge	us-west-2d	2.7237	42	0.046521	sent	deep19.17
sent.deep19.16-I30x_HG004_grapev1_0.	I30x_HG004_grapev1_0.	sent.deep19.16	253.9541	0:04:13	30748.05	500298.51	19375.63	19749.15	690.25	0.4	3093.55	2099.94	i192-dy-all-7	10.0.1.119	192	8.269	c7i.48xlarge	us-west-2d	2.7237	42	0.04203	sent	deep19.16
sent.deep19.9-I30x_HG002_grapev1_0.	I30x_HG002_grapev1_0.	sent.deep19.9	369.0936	0:06:09	31491.57	511588.36	20122.09	20495.29	790.63	6.12	3326.94	28.33	i192-dy-all-16	10.0.1.239	192	0.0768	m7i.metal-48xl	us-west-2d	2.7675	42	0.062068	sent	deep19.9
sent.deep19.8-I30x_HG002_grapev1_0.	I30x_HG002_grapev1_0.	sent.deep19.8	326.9634	0:05:26	31144.07	504815.87	19837.11	20212.21	875.65	0.45	3374.54	2409.02	i192-dy-all-4	10.0.1.228	192	7.3679	c7i.metal-48xl	us-west-2d	2.3176	42	0.046045	sent	deep19.8
sent.sentd.concat.fofn-I30x_HG002_grapev1_0.	I30x_HG002_grapev1_0.	sent.sentd.concat.fofn	0.356	0:00:00	3.38	7.71	0.13	0.31	0.0	0.0	0.0	0.0	ip-10-0-0-232	44.245.132.30	8	0.0	r7i.2xlarge	us-west-2d	0.2146	1	3e-06	sent	sentd.concat.fofn
sent.deep19.merge-I30x_HG002_grapev1_0.	I30x_HG002_grapev1_0.	sent.deep19.merge	20.3267	0:00:20	91.31	2761.53	89.53	89.71	86.2	109.88	122.36	25.07	i192-dy-all-2	10.0.1.192	192	1.2334	c7i.metal-48xl	us-west-2d	2.324	4	0.000273	sent	deep19.merge
sent.deep19.24-I30x_HG002_grapev1_0.	I30x_HG002_grapev1_0.	sent.deep19.24	165.9922	0:02:45	33151.27	592243.64	21675.16	22049.75	272.12	0.36	2622.34	1138.06	i192-dy-all-7	10.0.1.119	192	6.8561	c7i.48xlarge	us-west-2d	2.7237	42	0.027472	sent	deep19.24
sent.deep19.1-I30x_HG002_grapev1_0.	I30x_HG002_grapev1_0.	sent.deep19.1	663.4854	0:11:03	33529.35	741891.8	22258.73	22633.39	1675.17	0.66	3341.73	233.44	i192-dy-all-10	10.0.1.81	192	0.3518	m7i.metal-48xl	us-west-2d	2.7675	42	0.111574	sent	deep19.1
sent.deep19.2-I30x_HG002_grapev1_0.	I30x_HG002_grapev1_0.	sent.deep19.2	630.395	0:10:30	33443.15	511874.95	21216.35	21593.58	1645.23	0.55	3284.31	4051.06	i128-dy-c6gb256-2	10.0.1.51	128	6.4262	c6i.32xlarge	us-west-2d	1.4618	42	0.083992	sent	deep19.2
sent.deep19.3-I30x_HG002_grapev1_0.	I30x_HG002_grapev1_0.	sent.deep19.3	431.3187	0:07:11	31898.06	512400.12	20645.14	21018.95	1256.5	8.82	3211.34	26.56	i192-dy-all-2	10.0.1.192	192	0.0616	c7i.metal-48xl	us-west-2d	2.3176	42	0.060741	sent	deep19.3
sent.gatk.snv-I30x_HG002_grapev1_0.	I30x_HG002_grapev1_0.	sent.gatk.snv	449.9511	0:07:29	21994.08	51064.12	17940.71	17946.05	81796.43	1340.24	10044.87	8.07	i192mem-dy-all-7	10.0.1.11	192	0.0179	m7i.metal-48xl	us-west-2d	2.7675	192	0.3459	sent	gatk.snv
sent.deep19.20-I30x_HG002_grapev1_0.	I30x_HG002_grapev1_0.	sent.deep19.20	244.6884	0:04:04	30719.77	502910.97	19388.28	19760.94	594.72	0.4	2273.34	2337.69	i192-dy-all-7	10.0.1.119	192	9.5537	c7i.48xlarge	us-west-2d	2.7237	42	0.040497	sent	deep19.20
sent.deep19.4-I30x_HG002_grapev1_0.	I30x_HG002_grapev1_0.	sent.deep19.4	472.3264	0:07:52	32467.41	739836.3	20992.6	21364.97	919.14	0.48	3252.8	86.94	i192-dy-all-4	10.0.1.228	192	0.1841	c7i.metal-48xl	us-west-2d	2.324	42	0.0667	sent	deep19.4
sent.deep19.21-I30x_HG002_grapev1_0.	I30x_HG002_grapev1_0.	sent.deep19.21	172.2406	0:02:52	30436.25	499241.8	19200.15	19573.47	290.89	0.38	1829.0	1358.02	i192mem-dy-all-14	10.0.1.82	192	7.8844	m7i.metal-48xl	us-west-2d	2.7675	42	0.028965	sent	deep19.21
sent.deep19.5-I30x_HG002_grapev1_0.	I30x_HG002_grapev1_0.	sent.deep19.5	445.0074	0:07:25	32738.57	533097.96	20546.45	20915.92	1060.76	0.47	3351.73	2124.86	i128-dy-c6gb256-4	10.0.1.20	128	4.7749	c6i.32xlarge	us-west-2d	1.4618	42	0.059291	sent	deep19.5
sent.mrkdup-I30x_HG002_grapev1_0.	I30x_HG002_grapev1_0.	sent.mrkdup	495.6985	0:08:15	388043.25	437076.7	385555.18	385555.91	7221.59	10272.38	6066.71	30078.19	i192mem-dy-all-7	10.0.1.11	192	60.6784	m7i.metal-48xl	us-west-2d	2.7675	192	0.381068	sent	mrkdup
sent.deep19.6-I30x_HG002_grapev1_0.	I30x_HG002_grapev1_0.	sent.deep19.6	397.4092	0:06:37	31726.23	594816.86	20354.72	20729.64	1062.38	8.02	3331.41	29.04	i192-dy-all-11	10.0.1.251	192	0.0731	m7i.metal-48xl	us-west-2d	2.7675	42	0.06683	sent	deep19.6
sent.deep19.22-I30x_HG002_grapev1_0.	I30x_HG002_grapev1_0.	sent.deep19.22	164.4588	0:02:44	30338.21	502376.55	19049.5	19424.94	256.18	0.38	2024.72	1862.74	i192-dy-all-8	10.0.1.114	192	11.3265	m7i.metal-48xl	us-west-2d	2.7675	42	0.027656	sent	deep19.22
sent.sentd.concordance-I30x_HG002_grapev1_0.	I30x_HG002_grapev1_0.	sent.sentd.concordance	2308.2111	0:38:28	86942.54	717617.03	86898.02	86898.7	3314.54	11733.83	63.49	375.5	i192-dy-all-3	10.0.1.178	192	0.1627	m7i.metal-48xl	us-west-2d	2.7675	48	0.443609	sent	sentd.concordance
sent.deep19.7-I30x_HG002_grapev1_0.	I30x_HG002_grapev1_0.	sent.deep19.7	358.5298	0:05:58	31507.58	517737.53	20201.82	20572.46	640.86	0.46	3101.38	3223.89	i192-dy-all-16	10.0.1.239	192	8.992	m7i.metal-48xl	us-west-2d	2.7675	42	0.060292	sent	deep19.7
sent.deep19.23-I30x_HG002_grapev1_0.	I30x_HG002_grapev1_0.	sent.deep19.23	226.4071	0:03:46	30953.34	514680.89	19675.4	20050.03	392.64	0.4	3178.48	1686.64	i192-dy-all-8	10.0.1.114	192	7.4496	m7i.metal-48xl	us-west-2d	2.7675	42	0.038074	sent	deep19.23
sent.deep19.19-I30x_HG002_grapev1_0.	I30x_HG002_grapev1_0.	sent.deep19.19	298.144	0:04:58	31378.74	504889.26	19104.81	19480.28	867.1	0.45	1978.34	28.92	i128-dy-m6gb512-1	10.0.1.222	128	0.097	m6i.32xlarge	us-west-2d	1.5907	42	0.043227	sent	deep19.19
sent.gatk.concordance-I30x_HG002_grapev1_0.	I30x_HG002_grapev1_0.	sent.gatk.concordance	1991.5766	0:33:11	102174.7	362436.6	102176.18	102185.07	3331.4	8536.11	75.2	386.42	i192-dy-all-6	10.0.1.65	192	0.194	c7i.metal-48xl	us-west-2d	2.324	48	0.321418	sent	gatk.concordance
sent.deep19.18-I30x_HG002_grapev1_0.	I30x_HG002_grapev1_0.	sent.deep19.18	219.4339	0:03:39	30440.49	742404.54	19092.99	19465.81	525.02	0.28	2647.67	101.31	i192-dy-all-2	10.0.1.192	192	0.4617	c7i.metal-48xl	us-west-2d	2.3176	42	0.030902	sent	deep19.18
sent.alNsort-I30x_HG002_grapev1_0.	I30x_HG002_grapev1_0.	sent.alNsort	1725.5085	0:28:45	231794.37	277434.86	232070.21	232075.81	4546.13	43968.31	4975.2	5449.58	i192mem-dy-all-7	10.0.1.11	192	3.1582	m7i.metal-48xl	us-west-2d	2.7675	192	1.326485	sent	alNsort
sent.sentd.1-24-I30x_HG002_grapev1_0.	I30x_HG002_grapev1_0.	sent.sentd.1-24	695.871	0:11:35	30072.39	33456.97	30118.93	30124.36	15708.38	6862.56	13005.76	38450.0	i192-dy-all-3	10.0.1.178	192	55.2545	m7i.metal-48xl	us-west-2d	2.7675	192	0.534951	sent	sentd.1-24
sent.deep19.concordance-I30x_HG002_grapev1_0.	I30x_HG002_grapev1_0.	sent.deep19.concordance	1196.8883	0:19:56	90893.93	362436.6	90894.0	90900.17	2106.36	5385.9	88.42	268.58	i192-dy-all-4	10.0.1.228	192	0.2244	c7i.metal-48xl	us-west-2d	2.324	48	0.193164	sent	deep19.concordance
sent.deep19.10-I30x_HG002_grapev1_0.	I30x_HG002_grapev1_0.	sent.deep19.10	358.6613	0:05:58	31814.95	535899.92	20471.6	20845.97	701.9	0.43	3404.69	3614.14	i192-dy-all-2	10.0.1.192	192	10.0767	c7i.metal-48xl	us-west-2d	2.3176	42	0.050509	sent	deep19.10
sent.deep19.concat.fofn-I30x_HG002_grapev1_0.	I30x_HG002_grapev1_0.	sent.deep19.concat.fofn	0.5421	0:00:00	18.0	48.9	7.36	9.09	0.0	0.0	0.0	0.03	i192-dy-all-2	10.0.1.192	192	0.0553	c7i.metal-48xl	us-west-2d	2.324	2	4e-06	sent	deep19.concat.fofn
sent.deep19.11-I30x_HG002_grapev1_0.	I30x_HG002_grapev1_0.	sent.deep19.11	335.659	0:05:35	31124.07	506002.94	19712.57	20086.8	527.4	0.43	3219.05	2213.24	i192-dy-all-8	10.0.1.114	192	6.5937	m7i.metal-48xl	us-west-2d	2.7675	42	0.056446	sent	deep19.11
sent.deep19.12-I30x_HG002_grapev1_0.	I30x_HG002_grapev1_0.	sent.deep19.12	352.7438	0:05:52	30893.28	502689.16	19599.03	19972.51	643.78	0.47	2933.71	3056.35	i192-dy-all-8	10.0.1.114	192	8.6645	m7i.metal-48xl	us-west-2d	2.7675	42	0.059319	sent	deep19.12
sent.deep19.13-I30x_HG002_grapev1_0.	I30x_HG002_grapev1_0.	sent.deep19.13	357.3429	0:05:57	30996.05	741891.93	19529.22	19901.95	769.79	0.47	2301.43	57.42	i192-dy-all-9	10.0.1.99	192	0.1607	m7i.metal-48xl	us-west-2d	2.7675	42	0.060092	sent	deep19.13
sent.deep19.14-I30x_HG002_grapev1_0.	I30x_HG002_grapev1_0.	sent.deep19.14	248.0797	0:04:08	30690.61	505812.91	19155.25	19525.1	768.04	0.41	2571.0	1526.84	i192-dy-all-12	10.0.1.220	192	6.1546	m7i.metal-48xl	us-west-2d	2.7675	42	0.041718	sent	deep19.14
sent.deep19.15-I30x_HG002_grapev1_0.	I30x_HG002_grapev1_0.	sent.deep19.15	247.6892	0:04:07	30453.06	497605.73	19134.11	19501.61	667.12	0.43	2787.49	1787.98	i192-dy-all-15	10.0.1.238	192	7.2186	m7i.metal-48xl	us-west-2d	2.7675	42	0.041652	sent	deep19.15
sent.sentd.merge-I30x_HG002_grapev1_0.	I30x_HG002_grapev1_0.	sent.sentd.merge	26.9996	0:00:26	47.5	1066.54	45.42	45.59	0.01	217.89	148.33	40.51	i192-dy-all-6	10.0.1.204	192	1.5004	c7i.48xlarge	us-west-2d	2.7237	4	0.000426	sent	sentd.merge
sent.deep19.16-I30x_HG002_grapev1_0.	I30x_HG002_grapev1_0.	sent.deep19.16	293.3576	0:04:53	31624.83	514413.06	19350.25	19724.36	842.41	0.41	2761.59	1771.76	i128-dy-c6gb256-3	10.0.1.74	128	6.0396	c6i.32xlarge	us-west-2d	1.4618	42	0.039086	sent	deep19.16
sent.gatk.bsqr-I30x_HG002_grapev1_0.	I30x_HG002_grapev1_0.	sent.gatk.bsqr	1279.7379	0:21:19	39166.11	76407.14	37967.6	37972.97	19070.9	79584.55	2689.51	14.2	i192mem-dy-all-3	10.0.1.102	192	0.0111	m7i.metal-48xl	us-west-2d	2.7675	192	0.983798	sent	gatk.bsqr
sent.deep19.17-I30x_HG002_grapev1_0.	I30x_HG002_grapev1_0.	sent.deep19.17	240.518	0:04:00	30798.01	528502.73	19433.1	19806.78	579.64	0.41	2479.3	1984.67	i192-dy-all-6	10.0.1.204	192	8.2516	c7i.48xlarge	us-west-2d	2.7237	42	0.039806	sent	deep19.17
