sample	rule	s	h:m:s	max_rss	max_vms	max_uss	max_pss	io_in	io_out	mean_load	cpu_time	hostname	ip	nproc	cpu_efficiency	instance_type	region_az	spot_cost	snakemake_threads	task_cost
I30x_HG005_grapev2_0.	sent.oct.4~100000001-150000000	166.0829	0:02:46	12605.81	17767.13	12631.02	12637.43	833.29	0.40	3590.56	5964.32	i192-dy-all-16	10.0.1.50	192	35.9117	r7i.metal-48xl	us-west-2d	3.660300	64	0.056288
I30x_HG005_grapev2_0.	sent.oct.24~50000001-57227415	49.9350	0:00:49	6375.02	13071.29	5870.67	5876.93	409.77	0.39	1413.33	706.19	i192mem-dy-all-11	10.0.1.123	192	14.1422	m7i.metal-48xl	us-west-2d	2.913300	64	0.013470
I30x_HG005_grapev2_0.	sent.oct.14~1-50000000	127.0351	0:02:07	11825.73	16956.65	11547.69	11553.83	1165.67	1.70	3372.65	4284.39	i192mem-dy-all-7	10.0.1.202	192	33.7260	m7i.48xlarge	us-west-2d	3.324100	64	0.039100
I30x_HG005_grapev2_0.	sent.oct.11~50000001-100000000	167.4197	0:02:47	12051.66	16773.93	12062.83	12069.35	449.15	46.15	3993.18	0.34	i192mem-dy-all-11	10.0.1.123	192	0.0020	m7i.metal-48xl	us-west-2d	2.913300	64	0.045161
I30x_HG005_grapev2_0.	sent.oct.1~50000001-100000000	265.6046	0:04:25	12768.45	18316.82	12432.51	12438.60	205.39	18.72	2666.60	7082.06	i192-dy-all-1	10.0.1.63	192	26.6639	m7i.metal-48xl	us-west-2d	2.913300	64	0.071647
I30x_HG005_grapev2_0.	sent.oct.2~100000001-150000000	181.1787	0:03:01	12420.85	17248.30	12436.54	12442.86	488.72	13.90	3952.07	7161.59	i192-dy-all-10	10.0.1.136	192	39.5278	r7i.metal-48xl	us-west-2d	3.660300	64	0.061404
I30x_HG005_grapev2_0.	sent.oct.1~200000001-248956422	200.4291	0:03:20	12496.48	17633.17	12521.86	12528.01	697.16	34.94	4386.19	8790.45	i192-dy-all-3	10.0.1.11	192	43.8582	c7i.metal-48xl	us-west-2d	2.546400	64	0.047257
I30x_HG005_grapev2_0.	sent.oct.19~1-50000000	243.3003	0:04:03	12213.48	17180.70	12242.59	12249.00	387.06	14.50	4403.80	10715.09	i192-dy-all-8	10.0.1.143	192	44.0406	m7i.48xlarge	us-west-2d	3.324100	64	0.074885
I30x_HG005_grapev2_0.	sent.oct.10~100000001-133797422	157.5647	0:02:37	12514.11	17854.01	12270.73	12277.01	195.18	0.09	3745.06	5900.88	i192-dy-all-10	10.0.1.136	192	37.4505	r7i.metal-48xl	us-west-2d	3.660300	64	0.053401
I30x_HG005_grapev2_0.	sent.oct.12~1-50000000	246.2255	0:04:06	12212.95	17226.96	12230.41	12236.55	339.64	10.18	3852.27	9485.99	i192-dy-all-10	10.0.1.136	192	38.5256	r7i.metal-48xl	us-west-2d	3.660300	64	0.083450
I30x_HG005_grapev2_0.	sent.oct.6~1-50000000	458.1553	0:07:38	12863.68	18290.96	12898.80	12906.91	413.71	17.63	2696.05	12353.16	i192mem-dy-all-6	10.0.1.250	192	26.9628	r7i.48xlarge	us-west-2d	4.254400	64	0.180479
I30x_HG005_grapev2_0.	sent.alNsort	3379.2606	0:56:19	101910.72	149320.11	102037.68	102044.46	4554.52	41412.84	2606.37	4972.78	i192mem-dy-all-4	10.0.1.18	192	1.4716	m7i.metal-48xl	us-west-2d	2.913300	192	2.734667
I30x_HG005_grapev2_0.	sent.oct.10~50000001-100000000	180.4032	0:03:00	12606.73	17914.85	12520.41	12526.74	565.50	16.02	4033.73	7277.01	i192-dy-all-8	10.0.1.143	192	40.3375	m7i.48xlarge	us-west-2d	3.324100	64	0.055526
I30x_HG005_grapev2_0.	sent.oct.11~100000001-135086622	154.6504	0:02:34	12928.05	18613.35	12958.62	12964.87	313.07	1.71	3674.10	5682.08	i192-dy-all-10	10.0.1.136	192	36.7415	r7i.metal-48xl	us-west-2d	3.660300	64	0.052414
I30x_HG005_grapev2_0.	sent.oct.3~50000001-100000000	222.4946	0:03:42	14280.91	18462.20	14301.63	14307.87	577.76	0.34	3519.56	7831.04	i192mem-dy-all-2	10.0.1.100	192	35.1965	r7i.metal-48xl	us-west-2d	3.660300	64	0.075407
I30x_HG005_grapev2_0.	sent.oct.4~150000001-190214555	181.3032	0:03:01	12517.45	17938.55	12458.65	12466.79	440.21	15.86	3654.33	6625.44	i192mem-dy-all-4	10.0.1.151	192	36.5434	r7i.48xlarge	us-west-2d	4.254400	64	0.071420
I30x_HG005_grapev2_0.	sent.oct.5~100000001-150000000	183.8332	0:03:03	12601.14	17617.19	12579.75	12585.99	590.07	8.54	4064.74	7473.96	i192mem-dy-all-2	10.0.1.100	192	40.6562	r7i.metal-48xl	us-west-2d	3.660300	64	0.062304
I30x_HG005_grapev2_0.	sent.oct.13~50000001-100000000	163.4254	0:02:43	12510.39	17443.86	12436.63	12442.90	386.91	0.27	3707.23	6059.23	i192-dy-all-1	10.0.1.63	192	37.0764	m7i.metal-48xl	us-west-2d	2.913300	64	0.044084
I30x_HG005_grapev2_0.	sent.oct.14~100000001-107043718	78.6093	0:01:18	6317.44	16771.46	6365.57	6371.83	99.42	3.73	1729.67	1360.22	i192-dy-all-16	10.0.1.153	192	17.3036	m7i.metal-48xl	us-west-2d	2.913300	64	0.021205
I30x_HG005_grapev2_0.	sent.oct.1~1-50000000	212.2267	0:03:32	12230.86	17114.79	12269.74	12275.93	1051.93	14.18	4500.80	9552.76	i192-dy-all-9	10.0.1.39	192	45.0121	m7i.metal-48xl	us-west-2d	2.913300	64	0.057248
I30x_HG005_grapev2_0.	sent.sentd.merge	25.4715	0:00:25	46.13	1066.54	45.38	46.02	302.30	217.52	157.15	40.39	i192-dy-all-1	10.0.1.63	192	1.5857	m7i.metal-48xl	us-west-2d	2.913300	4	0.000429
I30x_HG005_grapev2_0.	sent.oct.8~100000001-145138636	166.2284	0:02:46	12757.87	18461.79	12562.78	12569.21	252.69	0.18	3666.73	6096.03	i192mem-dy-all-4	10.0.1.151	192	36.6726	r7i.48xlarge	us-west-2d	4.254400	64	0.065482
I30x_HG005_grapev2_0.	sent.oct.15~1-50000000	127.2472	0:02:07	11466.49	16285.01	11262.61	11268.84	392.90	0.15	3464.45	4408.81	i192-dy-all-1	10.0.1.63	192	34.6476	m7i.metal-48xl	us-west-2d	2.913300	64	0.034325
I30x_HG005_grapev2_0.	sent.oct.3~100000001-150000000	194.8194	0:03:14	12720.08	18121.83	12736.17	12742.39	671.23	0.63	3737.60	7281.50	i192-dy-all-16	10.0.1.153	192	37.3756	m7i.metal-48xl	us-west-2d	2.913300	64	0.052553
I30x_HG005_grapev2_0.	sent.oct.21~1-46709983	240.4305	0:04:00	11374.55	16077.16	11396.66	11402.89	587.75	18.75	3714.75	8932.12	i192mem-dy-all-5	10.0.1.28	192	37.1505	m7i.metal-48xl	us-west-2d	2.913300	64	0.064856
I30x_HG005_grapev2_0.	sent.oct.7~1-50000000	175.7817	0:02:55	12383.15	16979.07	12427.21	12433.54	663.36	22.11	4189.76	7365.57	i192-dy-all-1	10.0.1.63	192	41.9018	m7i.metal-48xl	us-west-2d	2.913300	64	0.047417
I30x_HG005_grapev2_0.	sent.oct.13~1-50000000	195.9264	0:03:15	11747.37	16796.21	11703.35	11709.67	633.69	0.07	4052.15	7939.45	i192mem-dy-all-5	10.0.1.28	192	40.5226	m7i.metal-48xl	us-west-2d	2.913300	64	0.052851
I30x_HG005_grapev2_0.	sent.oct.12~50000001-100000000	175.3433	0:02:55	12461.30	17588.77	12489.17	12495.08	376.60	18.54	3957.00	6938.45	i192mem-dy-all-2	10.0.1.100	192	39.5707	r7i.metal-48xl	us-west-2d	3.660300	64	0.059427
I30x_HG005_grapev2_0.	sent.oct.18~1-50000000	162.4010	0:02:42	12023.24	16419.68	12035.81	12041.93	498.12	0.66	3917.99	6363.47	i192-dy-all-12	10.0.1.44	192	39.1837	r7i.metal-48xl	us-west-2d	3.660300	64	0.055040
I30x_HG005_grapev2_0.	sent.oct.2~50000001-100000000	233.9484	0:03:53	12014.01	16375.12	12015.21	12021.15	565.67	18.87	3628.63	8489.35	i192-dy-all-14	10.0.1.254	192	36.2873	r7i.metal-48xl	us-west-2d	3.660300	64	0.079289
I30x_HG005_grapev2_0.	sent.oct.13~100000001-114364328	106.5211	0:01:46	6596.29	12288.67	6637.04	6643.37	78.46	15.35	1799.65	0.36	i192mem-dy-all-2	10.0.1.100	192	0.0034	r7i.metal-48xl	us-west-2d	3.660300	64	0.036102
I30x_HG005_grapev2_0.	sent.oct.2~150000001-200000000	167.8583	0:02:47	12703.51	18137.59	12725.84	12732.16	1365.61	42.28	3545.99	0.41	i192mem-dy-all-7	10.0.1.202	192	0.0024	m7i.48xlarge	us-west-2d	3.324100	64	0.051665
I30x_HG005_grapev2_0.	sent.oct.4~50000001-100000000	176.5794	0:02:56	12284.08	16716.67	12311.59	12317.91	1171.24	20.65	4082.11	7208.46	i192-dy-all-16	10.0.1.153	192	40.8228	m7i.metal-48xl	us-west-2d	2.913300	64	0.047632
I30x_HG005_grapev2_0.	sent.oct.6~100000001-150000000	171.1650	0:02:51	12670.81	17954.27	12697.54	12703.75	626.31	18.98	3978.64	6810.07	i192mem-dy-all-7	10.0.1.202	192	39.7866	m7i.48xlarge	us-west-2d	3.324100	64	0.052682
I30x_HG005_grapev2_0.	sent.oct.12~100000001-133275309	182.9384	0:03:02	12518.66	17859.16	12276.08	12281.99	374.25	7.68	3775.20	6906.38	i192-dy-all-14	10.0.1.254	192	37.7525	r7i.metal-48xl	us-west-2d	3.660300	64	0.062001
I30x_HG005_grapev2_0.	sent.oct.19~50000001-58617616	71.9506	0:01:11	4355.40	10669.99	4401.69	4407.97	192.21	0.05	1980.54	1425.98	i192mem-dy-all-6	10.0.1.250	192	19.8189	r7i.48xlarge	us-west-2d	4.254400	64	0.028343
I30x_HG005_grapev2_0.	sent.oct.9~1-50000000	193.0594	0:03:13	12245.37	17928.82	12283.60	12289.99	529.67	2.56	3656.60	7058.95	i192-dy-all-10	10.0.1.136	192	36.5636	r7i.metal-48xl	us-west-2d	3.660300	64	0.065431
I30x_HG005_grapev2_0.	sent.oct.14~50000001-100000000	179.4995	0:02:59	12620.58	17965.78	12642.41	12648.66	773.45	19.79	3960.67	7110.06	i192-dy-all-12	10.0.1.44	192	39.6105	r7i.metal-48xl	us-west-2d	3.660300	64	0.060835
I30x_HG005_grapev2_0.	sent.oct.2~1-50000000	221.6955	0:03:41	18189.02	22315.31	18211.22	18219.45	562.07	2.46	3109.14	6893.40	i192-dy-all-9	10.0.1.39	192	31.0940	m7i.metal-48xl	us-west-2d	2.913300	64	0.059802
I30x_HG005_grapev2_0.	sent.oct.16~1-50000000	206.7187	0:03:26	12838.64	17378.58	12860.01	12866.24	548.10	17.05	3922.72	8109.52	i192mem-dy-all-4	10.0.1.151	192	39.2297	r7i.48xlarge	us-west-2d	4.254400	64	0.081432
I30x_HG005_grapev2_0.	sent.oct.23~50000001-100000000	82.3034	0:01:22	7404.56	13101.40	5681.54	5687.27	378.60	8.04	2459.39	2024.73	i192-dy-all-9	10.0.1.39	192	24.6008	m7i.metal-48xl	us-west-2d	2.913300	64	0.022201
I30x_HG005_grapev2_0.	sent.oct.20~50000001-64444167	75.7051	0:01:15	7049.86	12824.75	7087.71	7094.11	207.75	0.03	1841.97	1395.90	i192mem-dy-all-11	10.0.1.123	192	18.4387	m7i.metal-48xl	us-west-2d	2.913300	64	0.020421
I30x_HG005_grapev2_0.	sent.oct.2~200000001-242193529	175.8144	0:02:55	12692.18	17823.09	12711.22	12717.25	302.38	16.59	3699.33	6503.97	i192-dy-all-10	10.0.1.136	192	36.9934	r7i.metal-48xl	us-west-2d	3.660300	64	0.059586
I30x_HG005_grapev2_0.	sent.oct.18~50000001-80373285	125.0496	0:02:05	12239.37	16856.93	12269.81	12276.12	430.61	1.63	3456.03	4321.98	i192mem-dy-all-11	10.0.1.123	192	34.5621	m7i.metal-48xl	us-west-2d	2.913300	64	0.033732
I30x_HG005_grapev2_0.	sent.oct.15~50000001-100000000	189.9600	0:03:09	12591.63	17971.47	12536.16	12542.58	661.77	1.48	4155.89	7894.20	i192mem-dy-all-2	10.0.1.100	192	41.5572	r7i.metal-48xl	us-west-2d	3.660300	64	0.064381
I30x_HG005_grapev2_0.	sent.oct.23~1-50000000	207.6902	0:03:27	10903.17	15370.81	10926.09	10932.29	567.29	10.09	1570.67	3262.63	i192-dy-all-6	10.0.1.22	192	15.7091	m7i.metal-48xl	us-west-2d	2.913300	64	0.056024
I30x_HG005_grapev2_0.	sent.oct.5~50000001-100000000	168.4111	0:02:48	12182.19	17051.64	11992.48	11999.04	310.96	37.93	3677.10	0.37	i192-dy-all-16	10.0.1.153	192	0.0022	m7i.metal-48xl	us-west-2d	2.913300	64	0.045429
I30x_HG005_grapev2_0.	sent.oct.9~100000001-138394717	154.1314	0:02:34	12625.85	17734.43	12503.93	12510.31	504.01	3.14	3757.38	5792.59	i192mem-dy-all-11	10.0.1.123	192	37.5821	m7i.metal-48xl	us-west-2d	2.913300	64	0.041577
I30x_HG005_grapev2_0.	sent.oct.6~150000001-170805979	127.7660	0:02:07	9939.12	15415.46	9974.06	9980.35	924.61	0.08	3149.17	4023.21	i192-dy-all-9	10.0.1.39	192	31.4889	m7i.metal-48xl	us-west-2d	2.913300	64	0.034465
I30x_HG005_grapev2_0.	sent.oct.4~1-50000000	222.5821	0:03:42	13676.77	18336.80	13222.32	13228.38	856.51	2.75	3612.28	8040.46	i192mem-dy-all-6	10.0.1.250	192	36.1236	r7i.48xlarge	us-west-2d	4.254400	64	0.087681
I30x_HG005_grapev2_0.	sent.oct.10~1-50000000	273.7448	0:04:33	12676.23	16727.55	12674.69	12680.92	452.59	17.76	3878.61	10616.70	i192-dy-all-1	10.0.1.63	192	38.7832	m7i.metal-48xl	us-west-2d	2.913300	64	0.073843
I30x_HG005_grapev2_0.	sent.oct.1~150000001-200000000	187.8315	0:03:07	12675.65	17805.01	12711.94	12718.18	360.11	6.48	3834.83	7202.95	i192-dy-all-14	10.0.1.254	192	38.3479	r7i.metal-48xl	us-west-2d	3.660300	64	0.063659
I30x_HG005_grapev2_0.	sent.oct.15~100000001-101991189	35.4436	0:00:35	1096.74	8302.21	1150.41	1156.48	676.02	0.02	382.91	136.22	i192-dy-all-9	10.0.1.39	192	3.8433	m7i.metal-48xl	us-west-2d	2.913300	64	0.009561
I30x_HG005_grapev2_0.	sent.oct.7~100000001-150000000	200.3703	0:03:20	12634.14	18083.00	12665.86	12674.00	339.18	27.99	3563.85	7141.10	i192-dy-all-14	10.0.1.254	192	35.6395	r7i.metal-48xl	us-west-2d	3.660300	64	0.067909
I30x_HG005_grapev2_0.	sent.oct.17~1-50000000	269.1385	0:04:29	11533.54	15958.66	11540.57	11546.69	630.68	20.31	3824.33	10293.17	i192-dy-all-8	10.0.1.143	192	38.2449	m7i.48xlarge	us-west-2d	3.324100	64	0.082837
I30x_HG005_grapev2_0.	sent.oct.16~50000001-90338345	201.4045	0:03:21	12577.09	17820.97	12422.32	12428.50	655.52	23.70	4258.48	8576.65	i192-dy-all-14	10.0.1.254	192	42.5842	r7i.metal-48xl	us-west-2d	3.660300	64	0.068259
I30x_HG005_grapev2_0.	sent.oct.3~1-50000000	179.7848	0:02:59	12812.09	18123.04	12847.17	12853.06	395.11	20.09	3953.68	7108.87	i192-dy-all-14	10.0.1.254	192	39.5410	r7i.metal-48xl	us-west-2d	3.660300	64	0.060932
I30x_HG005_grapev2_0.	sent.oct.8~1-50000000	193.3912	0:03:13	12455.93	17417.23	12481.77	12488.17	670.75	2.79	4130.48	7988.21	i192mem-dy-all-2	10.0.1.100	192	41.3060	r7i.metal-48xl	us-west-2d	3.660300	64	0.065543
I30x_HG005_grapev2_0.	sent.oct.8~50000001-100000000	234.4956	0:03:54	12566.17	17529.61	12587.12	12593.27	1080.02	16.66	2571.09	6028.99	i192-dy-all-13	10.0.1.221	192	25.7105	r7i.metal-48xl	us-west-2d	3.660300	64	0.079474
I30x_HG005_grapev2_0.	sent.sentd.concat.fofn	0.4185	0:00:00	3.38	7.71	0.12	0.35	0.00	0.00	0.00	0.00	ip-10-0-0-248	52.13.178.244	8	0.0000	r7i.2xlarge	us-west-2d	0.206500	1	0.000003
I30x_HG005_grapev2_0.	sent.oct.5~150000001-181538259	279.6511	0:04:39	12267.54	17093.91	12292.25	12298.46	808.43	0.35	1393.64	3897.07	i192-dy-all-8	10.0.1.143	192	13.9355	m7i.48xlarge	us-west-2d	3.324100	64	0.086073
I30x_HG005_grapev2_0.	sent.oct.22~50000001-50818468	33.4482	0:00:33	598.89	7909.74	654.41	660.68	187.09	0.02	367.94	123.36	i192mem-dy-all-4	10.0.1.151	192	3.6881	r7i.48xlarge	us-west-2d	4.254400	64	0.013176
I30x_HG005_grapev2_0.	sent.oct.23~100000001-150000000	76.1530	0:01:16	7301.38	12883.00	6732.64	6738.94	456.02	19.32	1711.12	0.33	i192mem-dy-all-2	10.0.1.100	192	0.0043	r7i.metal-48xl	us-west-2d	3.660300	64	0.025810
I30x_HG005_grapev2_0.	sent.oct.17~50000001-83257441	142.7363	0:02:22	12431.64	17525.41	12138.35	12144.56	183.90	12.81	3638.19	5193.60	i192-dy-all-12	10.0.1.44	192	36.3860	r7i.metal-48xl	us-west-2d	3.660300	64	0.048376
I30x_HG005_grapev2_0.	sent.oct.7~150000001-159345973	75.0970	0:01:15	4726.83	10868.35	4768.10	4774.47	119.38	0.04	2002.45	1504.62	i192mem-dy-all-4	10.0.1.151	192	20.0357	r7i.48xlarge	us-west-2d	4.254400	64	0.029583
I30x_HG005_grapev2_0.	sent.oct.1~100000001-150000000	258.2289	0:04:18	13981.00	18642.92	13952.40	13960.39	780.64	34.95	4225.41	0.36	i192mem-dy-all-2	10.0.1.100	192	0.0014	r7i.metal-48xl	us-west-2d	3.660300	64	0.087518
I30x_HG005_grapev2_0.	sent.oct.6~50000001-100000000	161.5463	0:02:41	12231.65	16477.91	12261.86	12268.35	666.64	2.44	3509.23	5669.91	i192-dy-all-1	10.0.1.63	192	35.0977	m7i.metal-48xl	us-west-2d	2.913300	64	0.043577
I30x_HG005_grapev2_0.	sent.oct.3~150000001-198295559	185.3880	0:03:05	12707.87	18008.57	12725.68	12731.86	692.30	8.80	3689.09	6839.53	i192-dy-all-10	10.0.1.136	192	36.8931	r7i.metal-48xl	us-west-2d	3.660300	64	0.062831
I30x_HG005_grapev2_0.	sent.oct.24~1-50000000	86.9177	0:01:26	5524.26	11352.61	5550.95	5557.16	226.35	0.98	3089.32	2685.65	i192mem-dy-all-2	10.0.1.100	192	30.8988	r7i.metal-48xl	us-west-2d	3.660300	64	0.029458
I30x_HG005_grapev2_0.	sent.oct.22~1-50000000	213.7257	0:03:33	11090.98	15961.70	11121.71	11127.79	584.23	8.10	4237.33	9056.54	i192mem-dy-all-6	10.0.1.250	192	42.3746	r7i.48xlarge	us-west-2d	4.254400	64	0.084192
I30x_HG005_grapev2_0.	sent.oct.9~50000001-100000000	141.2531	0:02:21	11281.28	17228.92	11320.74	11326.75	450.54	15.75	3675.00	5191.89	i192-dy-all-14	10.0.1.254	192	36.7559	r7i.metal-48xl	us-west-2d	3.660300	64	0.047873
I30x_HG005_grapev2_0.	sent.sentd.1-24	622.4884	0:10:22	30290.65	33912.26	30362.35	30367.73	15485.86	6908.08	14163.67	0.00	i192-dy-all-3	10.0.1.11	192	0.0000	c7i.metal-48xl	us-west-2d	2.546400	192	0.440307
I30x_HG005_grapev2_0.	sent.oct.7~50000001-100000000	211.3562	0:03:31	12002.41	16122.39	12010.68	12016.84	305.18	17.86	4104.56	8676.11	i192-dy-all-1	10.0.1.63	192	41.0497	m7i.metal-48xl	us-west-2d	2.913300	64	0.057013
I30x_HG005_grapev2_0.	sent.oct.23~150000001-156040895	30.2346	0:00:30	1642.61	8672.50	1685.25	1691.28	8.74	0.02	821.88	249.12	i192mem-dy-all-2	10.0.1.100	192	8.2396	r7i.metal-48xl	us-west-2d	3.660300	64	0.010247
I30x_HG005_grapev2_0.	sent.oct.11~1-50000000	203.9243	0:03:23	12632.15	17735.66	12679.89	12688.07	464.00	22.24	4001.44	8159.95	i192-dy-all-9	10.0.1.39	192	40.0146	m7i.metal-48xl	us-west-2d	2.913300	64	0.055009
I30x_HG005_grapev2_0.	sent.oct.5~1-50000000	263.9400	0:04:23	12938.79	17256.72	12941.21	12947.36	796.05	20.75	2772.60	7318.74	i192-dy-all-5	10.0.1.163	192	27.7288	m7i.metal-48xl	us-west-2d	2.913300	64	0.071198
I30x_HG005_grapev2_0.	sent.mrkdup	593.8139	0:09:53	417477.38	481558.63	414912.41	414913.12	5909.91	10880.44	5657.19	33581.11	i192mem-dy-all-4	10.0.1.18	192	56.5516	m7i.metal-48xl	us-west-2d	2.913300	192	0.480544
I30x_HG001_grapev2_0.	sent.alNsort	3880.9388	1:04:40	102061.48	149306.14	102154.73	102161.30	4556.02	40923.09	2246.91	4941.15	i192mem-dy-all-3	10.0.1.131	192	1.2732	m7i.metal-48xl	us-west-2d	2.913300	192	3.140650
I30x_HG001_grapev2_0.	sent.mrkdup	610.5821	0:10:10	414060.02	464792.59	409169.62	409170.35	11670.24	10296.42	5319.29	32482.55	i192mem-dy-all-5	10.0.1.28	192	53.1993	m7i.metal-48xl	us-west-2d	2.913300	192	0.494114
I30x_HG006_grapev2_0.	sent.oct.6~100000001-150000000	169.4632	0:02:49	12632.08	17690.38	12454.68	12461.00	891.22	31.30	3783.39	6411.45	i192-dy-all-6	10.0.1.209	192	37.8339	m7i.metal-48xl	us-west-2d	2.913300	64	0.045713
I30x_HG006_grapev2_0.	sent.oct.20~50000001-64444167	80.7734	0:01:20	7217.82	13066.77	7257.68	7263.87	148.27	6.09	2891.77	2336.76	i192-dy-all-10	10.0.1.136	192	28.9298	r7i.metal-48xl	us-west-2d	3.660300	64	0.027375
I30x_HG006_grapev2_0.	sent.clair3.24	521.3896	0:08:41	7240.54	14205.83	6441.79	6611.20	704.96	359.36	185.60	475.47	i192-dy-all-10	10.0.1.136	192	0.9119	r7i.metal-48xl	us-west-2d	3.660300	64	0.176708
I30x_HG006_grapev2_0.	sent.oct.14~100000001-107043718	89.6961	0:01:29	3590.60	9789.98	3638.91	3645.04	99.05	3.64	1697.64	1523.16	i192mem-dy-all-2	10.0.1.100	192	16.9813	r7i.metal-48xl	us-west-2d	3.660300	64	0.030400
I30x_HG006_grapev2_0.	sent.clair3.9	1594.2549	0:26:34	21754.84	42680.91	19149.96	19326.80	992.88	1586.60	401.55	709.56	i192mem-dy-all-7	10.0.1.202	192	0.4451	m7i.48xlarge	us-west-2d	3.324100	64	0.490691
I30x_HG006_grapev2_0.	sent.oct.14~50000001-100000000	185.7859	0:03:05	12608.84	17836.75	12640.23	12646.54	1092.38	8.82	3966.40	7368.69	i192-dy-all-16	10.0.1.50	192	39.6623	r7i.metal-48xl	us-west-2d	3.660300	64	0.062966
I30x_HG006_grapev2_0.	sent.oct.22~1-50000000	228.2435	0:03:48	10960.84	15720.18	10974.62	10980.92	462.16	40.02	4032.73	0.36	i192-dy-all-10	10.0.1.136	192	0.0016	r7i.metal-48xl	us-west-2d	3.660300	64	0.077356
I30x_HG006_grapev2_0.	sent.oct.23~50000001-100000000	76.8820	0:01:16	8284.89	13791.68	6703.75	6709.90	20.88	19.29	1387.78	0.35	i192-dy-all-10	10.0.1.136	192	0.0046	r7i.metal-48xl	us-west-2d	3.660300	64	0.026057
I30x_HG006_grapev2_0.	sent.oct.19~50000001-58617616	74.3497	0:01:14	4395.00	10717.54	4423.27	4429.47	166.17	0.04	1783.35	1327.08	i192-dy-all-9	10.0.1.39	192	17.8492	m7i.metal-48xl	us-west-2d	2.913300	64	0.020056
I30x_HG006_grapev2_0.	sent.oct.11~100000001-135086622	146.5072	0:02:26	12465.66	17345.51	12485.22	12491.47	292.75	14.32	3720.04	5450.41	i192mem-dy-all-4	10.0.1.151	192	37.2023	r7i.48xlarge	us-west-2d	4.254400	64	0.057713
I30x_HG006_grapev2_0.	sent.oct.4~50000001-100000000	153.5095	0:02:33	12438.08	16988.05	12373.46	12379.74	501.23	12.85	3865.75	5934.62	i192-dy-all-1	10.0.1.63	192	38.6596	m7i.metal-48xl	us-west-2d	2.913300	64	0.041409
I30x_HG006_grapev2_0.	sent.oct.2~200000001-242193529	163.0034	0:02:43	12668.80	18194.95	11960.01	11966.33	503.61	0.34	3658.41	5963.85	i192-dy-all-1	10.0.1.63	192	36.5873	m7i.metal-48xl	us-west-2d	2.913300	64	0.043970
I30x_HG006_grapev2_0.	sent.oct.11~1-50000000	191.2494	0:03:11	12524.91	17535.70	12562.45	12568.53	0.00	2.58	3888.65	7437.47	i192-dy-all-14	10.0.1.254	192	38.8888	r7i.metal-48xl	us-west-2d	3.660300	64	0.064818
I30x_HG006_grapev2_0.	sent.oct.1~1-50000000	202.9750	0:03:22	12102.94	16595.33	12111.28	12117.39	402.38	19.45	4683.27	9506.62	i192-dy-all-3	10.0.1.11	192	46.8364	c7i.metal-48xl	us-west-2d	2.546400	64	0.047857
I30x_HG006_grapev2_0.	sent.oct.7~1-50000000	202.6552	0:03:22	12320.99	17403.54	12349.57	12355.79	521.04	22.96	4447.26	9013.12	i192-dy-all-9	10.0.1.39	192	44.4752	m7i.metal-48xl	us-west-2d	2.913300	64	0.054666
I30x_HG006_grapev2_0.	sent.deep.8	1107.4734	0:18:27	23406.87	105476.07	14666.66	14943.95	1304.70	3049.29	1851.76	71.66	i128-dy-r6gb1024r6-1	10.0.1.187	128	0.0647	r6i.32xlarge	us-west-2d	2.756100	42	0.278205
I30x_HG006_grapev2_0.	sent.sentd.concat.fofn	0.3645	0:00:00	3.38	7.71	0.12	0.33	0.00	0.00	0.00	0.00	ip-10-0-0-248	52.13.178.244	8	0.0000	r7i.2xlarge	us-west-2d	0.206500	1	0.000003
I30x_HG006_grapev2_0.	sent.oct.13~100000001-114364328	88.0203	0:01:28	6593.28	12651.96	6629.77	6635.84	146.81	7.02	2692.12	2371.03	i192mem-dy-all-6	10.0.1.250	192	26.9373	r7i.48xlarge	us-west-2d	4.254400	64	0.034673
I30x_HG006_grapev2_0.	sent.sentd.merge	25.6579	0:00:25	46.20	1066.54	45.38	46.02	284.98	217.70	156.05	40.40	i192mem-dy-all-1	10.0.1.24	192	1.5746	m7i.metal-48xl	us-west-2d	2.913300	4	0.000433
I30x_HG006_grapev2_0.	sent.oct.15~50000001-100000000	200.4453	0:03:20	12392.82	17690.44	12424.64	12430.90	243.36	34.66	4364.42	8748.49	i192-dy-all-10	10.0.1.136	192	43.6453	r7i.metal-48xl	us-west-2d	3.660300	64	0.067934
I30x_HG006_grapev2_0.	sent.deep.18	882.0945	0:14:42	23161.30	104403.04	14372.36	14649.37	1435.78	2326.30	1352.46	32.31	i128-dy-r6gb1024r6-1	10.0.1.187	128	0.0366	r6i.32xlarge	us-west-2d	2.756100	42	0.221588
I30x_HG006_grapev2_0.	sent.clair3.20	1264.4745	0:21:04	12826.16	23770.60	11242.98	11417.56	1064.56	929.27	232.34	657.90	i192-dy-all-8	10.0.1.143	192	0.5203	m7i.48xlarge	us-west-2d	3.324100	64	0.389189
I30x_HG006_grapev2_0.	sent.oct.17~1-50000000	299.7482	0:04:59	11622.28	16071.35	11620.13	11626.35	815.30	20.34	3934.31	11793.10	i192-dy-all-16	10.0.1.153	192	39.3434	m7i.metal-48xl	us-west-2d	2.913300	64	0.080857
I30x_HG006_grapev2_0.	sent.deep.9	1074.0611	0:17:54	23616.86	104947.62	15700.00	15976.61	1335.34	3012.04	1677.89	33.23	i192-dy-all-10	10.0.1.136	192	0.0309	r7i.metal-48xl	us-west-2d	3.660300	42	0.238886
I30x_HG006_grapev2_0.	sent.oct.9~100000001-138394717	274.6190	0:04:34	12548.64	17561.00	12033.79	12040.04	201.64	4.85	2340.26	6427.15	i192mem-dy-all-5	10.0.1.28	192	23.4039	m7i.metal-48xl	us-west-2d	2.913300	64	0.074078
I30x_HG006_grapev2_0.	sent.deep.19	760.5240	0:12:40	23800.32	103968.25	14726.92	15006.26	1145.34	2426.70	1302.22	27.24	i128-dy-c6gb256-9	10.0.1.180	128	0.0358	c6i.32xlarge	us-west-2d	1.678400	42	0.116344
I30x_HG006_grapev2_0.	sent.clair3.21	1161.5929	0:19:21	8712.79	16540.08	7705.11	7878.01	123.01	665.88	190.15	709.07	i192mem-dy-all-6	10.0.1.250	192	0.6104	r7i.48xlarge	us-west-2d	4.254400	64	0.457582
I30x_HG006_grapev2_0.	sent.oct.18~50000001-80373285	127.8336	0:02:07	12095.84	16625.42	12131.46	12137.70	299.71	1.63	3286.09	4200.99	i192-dy-all-1	10.0.1.63	192	32.8630	m7i.metal-48xl	us-west-2d	2.913300	64	0.034483
I30x_HG006_grapev2_0.	sent.oct.24~1-50000000	85.4417	0:01:25	6073.46	12066.15	3484.63	3490.60	245.89	1.54	2981.98	2548.47	i192-dy-all-10	10.0.1.136	192	29.8270	r7i.metal-48xl	us-west-2d	3.660300	64	0.028958
I30x_HG006_grapev2_0.	sent.oct.6~150000001-170805979	104.4967	0:01:44	9687.48	14994.36	9714.04	9720.29	355.71	0.06	2889.10	3020.09	i192-dy-all-3	10.0.1.11	192	28.9013	c7i.metal-48xl	us-west-2d	2.546400	64	0.024638
I30x_HG006_grapev2_0.	sent.clair3.22	1032.8253	0:17:12	11286.74	20194.92	10092.93	10268.14	367.63	575.21	202.43	682.69	i192mem-dy-all-7	10.0.1.202	192	0.6610	m7i.48xlarge	us-west-2d	3.324100	64	0.317890
I30x_HG006_grapev2_0.	sent.oct.5~50000001-100000000	164.3802	0:02:44	12288.00	16844.38	12309.01	12315.24	382.34	0.28	3918.51	6441.94	i192-dy-all-9	10.0.1.39	192	39.1893	m7i.metal-48xl	us-west-2d	2.913300	64	0.044342
I30x_HG006_grapev2_0.	sent.oct.1~150000001-200000000	187.0221	0:03:07	12516.86	17416.13	12552.55	12558.91	526.48	5.84	3793.04	7093.77	i192-dy-all-1	10.0.1.63	192	37.9301	m7i.metal-48xl	us-west-2d	2.913300	64	0.050449
I30x_HG006_grapev2_0.	sent.clair3.23	901.5868	0:15:01	34912.90	59509.57	31452.44	31628.73	732.40	1112.73	679.70	400.03	i192-dy-all-9	10.0.1.39	192	0.4437	m7i.metal-48xl	us-west-2d	2.913300	64	0.243203
I30x_HG006_grapev2_0.	sent.oct.22~50000001-50818468	28.1843	0:00:28	643.55	7854.05	694.55	700.80	476.53	0.02	386.38	109.28	i192mem-dy-all-2	10.0.1.100	192	3.8773	r7i.metal-48xl	us-west-2d	3.660300	64	0.009552
I30x_HG006_grapev2_0.	sent.deep.5	1466.6766	0:24:26	23691.71	104040.84	14606.94	14886.03	1427.31	3406.11	1534.52	76.50	i128-dy-c6gb256-9	10.0.1.180	128	0.0522	c6i.32xlarge	us-west-2d	1.678400	42	0.224371
I30x_HG006_grapev2_0.	sent.oct.7~100000001-150000000	277.5671	0:04:37	12542.87	17836.02	12563.84	12570.22	1043.67	11.00	3583.24	9945.82	i192mem-dy-all-5	10.0.1.28	192	35.8321	m7i.metal-48xl	us-west-2d	2.913300	64	0.074874
I30x_HG006_grapev2_0.	sent.oct.17~50000001-83257441	149.3904	0:02:29	12214.85	16715.65	12241.05	12247.34	207.81	10.59	3712.95	5547.55	i192-dy-all-16	10.0.1.50	192	37.1346	r7i.metal-48xl	us-west-2d	3.660300	64	0.050631
I30x_HG006_grapev2_0.	sent.oct.23~1-50000000	111.2277	0:01:51	10589.80	15063.99	10618.56	10624.77	374.67	9.89	2919.59	3248.02	i192-dy-all-1	10.0.1.63	192	29.2015	m7i.metal-48xl	us-west-2d	2.913300	64	0.030004
I30x_HG006_grapev2_0.	sent.deep.15	873.9292	0:14:33	23459.38	104587.17	14804.56	15082.06	212.40	2481.22	1412.69	50.80	i128-dy-c6gb256-9	10.0.1.180	128	0.0581	c6i.32xlarge	us-west-2d	1.678400	42	0.133693
I30x_HG006_grapev2_0.	sent.deep.4	1265.3390	0:21:05	23391.26	104626.88	14612.64	14890.77	1902.93	3715.77	2200.76	86.44	i128-dy-r6gb1024r6-1	10.0.1.187	128	0.0683	r6i.32xlarge	us-west-2d	2.756100	42	0.317862
I30x_HG006_grapev2_0.	sent.oct.5~150000001-181538259	151.7497	0:02:31	12322.05	17232.56	12356.34	12362.40	282.48	12.71	3021.76	4586.40	i192mem-dy-all-5	10.0.1.28	192	30.2235	m7i.metal-48xl	us-west-2d	2.913300	64	0.040934
I30x_HG006_grapev2_0.	sent.deep.14	982.2047	0:16:22	22682.94	105756.08	14763.72	15039.60	958.81	2431.94	1122.85	24.33	i192-dy-all-14	10.0.1.254	192	0.0248	r7i.metal-48xl	us-west-2d	3.660300	42	0.218456
I30x_HG006_grapev2_0.	sent.oct.6~50000001-100000000	154.9818	0:02:34	12216.41	16614.77	12238.98	12245.15	370.27	8.00	3911.24	6062.18	i192-dy-all-3	10.0.1.11	192	39.1154	c7i.metal-48xl	us-west-2d	2.546400	64	0.036541
I30x_HG006_grapev2_0.	sent.oct.16~50000001-90338345	215.7150	0:03:35	12310.42	17026.68	12161.42	12167.31	1223.61	8.48	4180.55	9017.04	i192mem-dy-all-5	10.0.1.28	192	41.8007	m7i.metal-48xl	us-west-2d	2.913300	64	0.058189
I30x_HG006_grapev2_0.	sent.deep.7	1703.7970	0:28:23	23259.60	104037.80	14422.96	14700.33	1909.55	3508.55	1371.19	56.60	i128-dy-m6gb512-1	10.0.1.51	128	0.0332	m6i.32xlarge	us-west-2d	1.770000	42	0.274870
I30x_HG006_grapev2_0.	sent.deep.17	1013.7417	0:16:53	23349.52	104005.94	14756.98	15036.83	1040.84	2653.84	1354.93	38.84	i128-dy-m6gb512-1	10.0.1.51	128	0.0383	m6i.32xlarge	us-west-2d	1.770000	42	0.163545
I30x_HG006_grapev2_0.	sent.deep.6	1475.1459	0:24:35	22630.75	105000.07	14725.29	15000.99	1696.64	3564.57	1520.65	72.85	i192-dy-all-3	10.0.1.104	192	0.0494	m7i.metal-48xl	us-west-2d	2.913300	42	0.261135
I30x_HG006_grapev2_0.	sent.oct.10~1-50000000	569.8739	0:09:29	12404.23	17570.91	12426.02	12432.51	1093.37	32.56	1916.65	10922.43	i192-dy-all-10	10.0.1.136	192	19.1664	r7i.metal-48xl	us-west-2d	3.660300	64	0.193140
I30x_HG006_grapev2_0.	sent.oct.1~100000001-150000000	216.1171	0:03:36	13028.96	17636.07	13033.93	13040.21	496.44	3.41	4257.12	9200.10	i192-dy-all-14	10.0.1.254	192	42.5700	r7i.metal-48xl	us-west-2d	3.660300	64	0.073246
I30x_HG006_grapev2_0.	sent.oct.7~150000001-159345973	74.7705	0:01:14	4710.65	10711.44	4756.78	4763.08	88.72	0.04	1973.35	1476.65	i192-dy-all-1	10.0.1.63	192	19.7491	m7i.metal-48xl	us-west-2d	2.913300	64	0.020169
I30x_HG006_grapev2_0.	sent.oct.3~150000001-198295559	179.2517	0:02:59	12539.67	17789.34	12561.70	12567.94	395.48	18.66	3815.52	6839.93	i192-dy-all-1	10.0.1.63	192	38.1583	m7i.metal-48xl	us-west-2d	2.913300	64	0.048353
I30x_HG006_grapev2_0.	sent.oct.8~50000001-100000000	159.3860	0:02:39	12777.87	17987.06	12791.72	12797.77	215.98	0.81	3735.22	5952.72	i192-dy-all-1	10.0.1.63	192	37.3478	m7i.metal-48xl	us-west-2d	2.913300	64	0.042994
I30x_HG006_grapev2_0.	sent.deep.16	761.2460	0:12:41	23947.82	105023.16	15331.11	15608.48	0.01	2594.20	1800.78	46.69	i128-dy-c6gb256-9	10.0.1.180	128	0.0613	c6i.32xlarge	us-west-2d	1.678400	42	0.116455
I30x_HG006_grapev2_0.	sent.oct.7~50000001-100000000	194.8436	0:03:14	12074.04	16233.58	12099.59	12105.89	397.76	0.52	4172.38	8130.61	i192-dy-all-14	10.0.1.254	192	41.7289	r7i.metal-48xl	us-west-2d	3.660300	64	0.066036
I30x_HG006_grapev2_0.	sent.deep.11	878.0578	0:14:38	22545.84	104775.75	14683.77	14959.94	1205.34	3055.29	1985.65	55.76	i192-dy-all-1	10.0.1.63	192	0.0635	m7i.metal-48xl	us-west-2d	2.913300	42	0.155437
I30x_HG006_grapev2_0.	sent.oct.16~1-50000000	206.2826	0:03:26	12348.86	16817.56	12371.69	12378.01	766.63	16.90	3809.82	7859.50	i192-dy-all-8	10.0.1.143	192	38.1007	m7i.48xlarge	us-west-2d	3.324100	64	0.063491
I30x_HG006_grapev2_0.	sent.deep.1	1713.1104	0:28:33	24278.14	106025.04	16390.02	16666.22	2810.18	4514.55	2016.71	12.29	i192-dy-all-14	10.0.1.254	192	0.0072	r7i.metal-48xl	us-west-2d	3.660300	42	0.381020
I30x_HG006_grapev2_0.	sent.clair3.4	2059.4265	0:34:19	31408.76	65298.11	28972.02	29149.64	1152.79	2489.50	514.27	2679.87	i192mem-dy-all-6	10.0.1.250	192	1.3013	r7i.48xlarge	us-west-2d	4.254400	64	0.811262
I30x_HG006_grapev2_0.	sent.deep.10	1348.1390	0:22:28	23518.89	104320.09	14867.73	15146.13	790.29	3258.84	1481.57	47.63	i128-dy-c6gb256-9	10.0.1.180	128	0.0353	c6i.32xlarge	us-west-2d	1.678400	42	0.206237
I30x_HG006_grapev2_0.	sent.oct.6~1-50000000	396.8254	0:06:36	12783.16	18045.97	12806.23	12812.42	1092.97	13.33	2665.81	10578.68	i192-dy-all-14	10.0.1.254	192	26.6583	r7i.metal-48xl	us-west-2d	3.660300	64	0.134491
I30x_HG006_grapev2_0.	sent.deep.13	1155.8493	0:19:15	22821.58	104537.25	14831.71	15109.60	875.05	2738.00	1271.24	40.82	i192-dy-all-14	10.0.1.254	192	0.0353	r7i.metal-48xl	us-west-2d	3.660300	42	0.257077
I30x_HG006_grapev2_0.	sent.oct.9~50000001-100000000	150.6295	0:02:30	11202.13	16098.49	11242.35	11250.41	341.49	10.34	3765.23	5671.91	i192mem-dy-all-4	10.0.1.151	192	37.6547	r7i.48xlarge	us-west-2d	4.254400	64	0.059337
I30x_HG006_grapev2_0.	sent.clair3.7	1827.8573	0:30:27	24186.28	53502.69	20967.46	21143.84	1549.07	2042.52	499.20	712.94	i192mem-dy-all-3	10.0.1.80	192	0.3900	m7i.48xlarge	us-west-2d	3.324100	64	0.562591
I30x_HG006_grapev2_0.	sent.deep.3	1238.6665	0:20:38	23473.56	105022.57	14748.72	15026.07	1786.51	3799.68	2236.40	14.13	i128-dy-m6gb512-1	10.0.1.51	128	0.0114	m6i.32xlarge	us-west-2d	1.770000	42	0.199832
I30x_HG006_grapev2_0.	sent.deep.12	854.5146	0:14:14	22589.00	104524.05	14680.48	14956.47	1765.03	3145.43	2191.62	50.31	i192-dy-all-3	10.0.1.104	192	0.0589	m7i.metal-48xl	us-west-2d	2.913300	42	0.151269
I30x_HG006_grapev2_0.	sent.deep.2	1258.4522	0:20:58	22690.81	105843.33	14784.42	15061.98	1838.09	4227.79	2432.07	66.51	i192-dy-all-10	10.0.1.136	192	0.0529	r7i.metal-48xl	us-west-2d	3.660300	42	0.279897
I30x_HG006_grapev2_0.	sent.oct.10~100000001-133797422	144.0709	0:02:24	12170.70	17430.91	12088.43	12094.68	752.80	14.40	3727.93	5371.26	i192-dy-all-12	10.0.1.44	192	37.2821	r7i.metal-48xl	us-west-2d	3.660300	64	0.048828
I30x_HG006_grapev2_0.	sent.clair3.10	1635.2077	0:27:15	22681.51	46659.61	20201.54	20377.86	1986.25	1822.03	468.11	1866.37	i192-dy-all-2	10.0.1.201	192	1.1414	m7i.metal-48xl	us-west-2d	2.913300	64	0.441097
I30x_HG006_grapev2_0.	sent.oct.23~100000001-150000000	71.8500	0:01:11	7318.69	12699.48	7348.88	7355.13	215.86	0.46	1921.01	1381.45	i192mem-dy-all-11	10.0.1.123	192	19.2269	m7i.metal-48xl	us-west-2d	2.913300	64	0.019382
I30x_HG006_grapev2_0.	sent.oct.3~1-50000000	183.8463	0:03:03	12688.00	17781.45	12580.20	12586.45	800.91	9.29	3991.34	7338.85	i192mem-dy-all-11	10.0.1.123	192	39.9184	m7i.metal-48xl	us-west-2d	2.913300	64	0.049593
I30x_HG006_grapev2_0.	sent.oct.4~100000001-150000000	165.0620	0:02:45	12400.37	17159.06	12259.74	12265.75	589.27	0.43	3575.92	5903.21	i192-dy-all-12	10.0.1.44	192	35.7636	r7i.metal-48xl	us-west-2d	3.660300	64	0.055942
I30x_HG006_grapev2_0.	sent.clair3.11	1603.4535	0:26:43	19234.95	47399.77	16401.70	16575.72	975.79	1694.18	436.78	1911.06	i192-dy-all-14	10.0.1.254	192	1.1918	r7i.metal-48xl	us-west-2d	3.660300	64	0.543437
I30x_HG006_grapev2_0.	sent.oct.8~1-50000000	175.6412	0:02:55	12402.33	16980.06	12388.59	12394.82	327.80	23.79	4253.34	7471.44	i192-dy-all-1	10.0.1.63	192	42.5381	m7i.metal-48xl	us-west-2d	2.913300	64	0.047379
I30x_HG006_grapev2_0.	sent.oct.13~1-50000000	204.9543	0:03:24	11703.20	16977.47	11742.30	11748.33	620.73	19.15	4397.97	9014.06	i192-dy-all-13	10.0.1.221	192	43.9808	r7i.metal-48xl	us-west-2d	3.660300	64	0.069462
I30x_HG006_grapev2_0.	sent.oct.21~1-46709983	492.6042	0:08:12	11269.15	15982.99	11295.79	11302.01	595.85	7.49	1875.72	9240.77	i192-dy-all-1	10.0.1.63	192	18.7590	m7i.metal-48xl	us-west-2d	2.913300	64	0.132880
I30x_HG006_grapev2_0.	sent.alNsort	3397.1611	0:56:37	102048.96	149707.86	102226.52	102233.22	4554.38	44277.42	2600.99	5181.47	i192mem-dy-all-7	10.0.1.155	192	1.5252	m7i.metal-48xl	us-west-2d	2.913300	192	2.749153
I30x_HG006_grapev2_0.	sent.oct.1~50000001-100000000	182.5757	0:03:02	12732.12	17948.48	12755.11	12761.54	316.41	11.82	4025.01	7347.66	i192mem-dy-all-6	10.0.1.250	192	40.2444	r7i.48xlarge	us-west-2d	4.254400	64	0.071921
I30x_HG006_grapev2_0.	sent.oct.11~50000001-100000000	165.0201	0:02:45	12145.26	16690.36	12175.32	12181.45	0.10	0.75	3997.90	6597.84	i192-dy-all-14	10.0.1.254	192	39.9820	r7i.metal-48xl	us-west-2d	3.660300	64	0.055928
I30x_HG006_grapev2_0.	sent.clair3.12	1771.6096	0:29:31	20814.70	46082.84	18172.82	18349.82	1592.41	1719.11	434.12	696.19	i192mem-dy-all-7	10.0.1.202	192	0.3930	m7i.48xlarge	us-west-2d	3.324100	64	0.545278
I30x_HG006_grapev2_0.	sent.oct.20~1-50000000	343.4243	0:05:43	11735.27	17124.27	11754.19	11762.59	566.36	2.09	3923.52	13475.07	i192mem-dy-all-5	10.0.1.28	192	39.2374	m7i.metal-48xl	us-west-2d	2.913300	64	0.092639
I30x_HG006_grapev2_0.	sent.alignstats	998.9307	0:16:38	1844.97	4085.80	1855.18	1855.80	770.50	0.22	171.06	1708.72	i128-dy-c6gb256-9	10.0.1.180	128	1.7105	c6i.32xlarge	us-west-2d	1.678400	32	0.116431
I30x_HG006_grapev2_0.	sent.oct.24~50000001-57227415	47.9721	0:00:47	2004.06	9155.08	1885.33	1891.26	133.16	0.02	272.93	131.41	i192-dy-all-12	10.0.1.44	192	2.7393	r7i.metal-48xl	us-west-2d	3.660300	64	0.016259
I30x_HG006_grapev2_0.	sent.oct.2~100000001-150000000	216.2774	0:03:36	12615.92	17121.79	12649.47	12655.77	329.67	8.90	3604.80	7795.96	i192-dy-all-6	10.0.1.22	192	36.0461	m7i.metal-48xl	us-west-2d	2.913300	64	0.058341
I30x_HG006_grapev2_0.	sent.oct.1~200000001-248956422	190.7534	0:03:10	12415.66	17754.39	12310.40	12316.52	208.57	1.23	4206.28	8023.73	i192mem-dy-all-4	10.0.1.151	192	42.0634	r7i.48xlarge	us-west-2d	4.254400	64	0.075143
I30x_HG006_grapev2_0.	sent.oct.23~150000001-156040895	30.3998	0:00:30	1650.76	8742.41	1692.50	1698.74	20.78	0.01	860.06	261.88	i192-dy-all-3	10.0.1.11	192	8.6145	c7i.metal-48xl	us-west-2d	2.546400	64	0.007168
I30x_HG006_grapev2_0.	sent.clair3.14	1243.3073	0:20:43	12969.98	32058.63	11436.29	11609.78	1256.67	1137.09	373.86	593.31	i192mem-dy-all-2	10.0.1.100	192	0.4772	r7i.metal-48xl	us-west-2d	3.660300	64	0.421378
I30x_HG006_grapev2_0.	sent.clair3.15	1284.0927	0:21:24	14438.45	29685.41	12657.44	12833.07	776.27	1122.33	359.20	696.66	i192mem-dy-all-6	10.0.1.250	192	0.5425	r7i.48xlarge	us-west-2d	4.254400	64	0.505837
I30x_HG006_grapev2_0.	sent.oct.15~1-50000000	129.4977	0:02:09	11755.47	16821.88	11797.27	11803.54	295.16	0.17	3472.07	4496.35	i192-dy-all-16	10.0.1.50	192	34.7215	r7i.metal-48xl	us-west-2d	3.660300	64	0.043889
I30x_HG006_grapev2_0.	sent.oct.5~1-50000000	221.6347	0:03:41	13159.86	17640.97	12840.33	12846.72	34.50	2.52	3409.10	7556.39	i192mem-dy-all-4	10.0.1.151	192	34.0939	r7i.48xlarge	us-west-2d	4.254400	64	0.087308
I30x_HG006_grapev2_0.	sent.oct.10~50000001-100000000	220.9251	0:03:40	12440.52	17701.53	12463.41	12469.70	1026.80	4.16	4019.89	8880.22	i192mem-dy-all-2	10.0.1.100	192	40.1956	r7i.metal-48xl	us-west-2d	3.660300	64	0.074875
I30x_HG006_grapev2_0.	sent.clair3.17	1262.4566	0:21:02	15730.50	28751.58	14025.09	14200.89	541.98	1202.76	320.49	1172.41	i192-dy-all-10	10.0.1.136	192	0.9287	r7i.metal-48xl	us-west-2d	3.660300	64	0.427868
I30x_HG006_grapev2_0.	sent.deep.concat.fofn	0.8131	0:00:00	21.00	50.75	10.46	12.74	2.53	0.00	0.00	0.00	i192mem-dy-all-4	10.0.1.151	192	0.0000	r7i.48xlarge	us-west-2d	4.254400	2	0.000010
I30x_HG006_grapev2_0.	sent.oct.12~1-50000000	253.3425	0:04:13	12255.23	17292.97	12290.58	12298.89	603.10	10.19	3853.22	9761.87	i192-dy-all-9	10.0.1.39	192	38.5323	m7i.metal-48xl	us-west-2d	2.913300	64	0.068339
I30x_HG006_grapev2_0.	sent.deep.merge	18.3481	0:00:18	92.35	2761.45	89.75	90.16	219.21	223.62	138.20	0.46	i128-dy-c6gb256-9	10.0.1.174	128	0.0251	c6i.32xlarge	us-west-2d	1.678400	4	0.000267
I30x_HG006_grapev2_0.	sent.oct.5~100000001-150000000	171.3276	0:02:51	12624.91	17855.05	12642.73	12649.03	470.85	18.49	3849.48	6595.63	i192mem-dy-all-3	10.0.1.80	192	38.4972	m7i.48xlarge	us-west-2d	3.324100	64	0.052732
I30x_HG006_grapev2_0.	sent.clair3.19	1063.5493	0:17:43	14327.10	25140.70	12798.86	12971.39	783.58	822.37	375.04	556.96	i192-dy-all-16	10.0.1.153	192	0.5237	m7i.metal-48xl	us-west-2d	2.913300	64	0.286892
I30x_HG006_grapev2_0.	sent.deep.21	615.5645	0:10:15	23483.57	104187.68	14639.51	14917.08	730.61	1997.25	1155.62	4096.37	i128-dy-m6gb512-1	10.0.1.51	128	6.6547	m6i.32xlarge	us-west-2d	1.770000	42	0.099308
I30x_HG006_grapev2_0.	sent.oct.9~1-50000000	225.5675	0:03:45	12032.04	18029.89	12050.91	12056.95	47.43	0.11	3963.53	8940.67	i192mem-dy-all-4	10.0.1.151	192	39.6363	r7i.48xlarge	us-west-2d	4.254400	64	0.088857
I30x_HG006_grapev2_0.	sent.oct.4~150000001-190214555	190.0288	0:03:10	12662.38	18167.54	12529.16	12535.23	493.08	2.17	3572.92	6789.67	i192-dy-all-10	10.0.1.136	192	35.7297	r7i.metal-48xl	us-west-2d	3.660300	64	0.064404
I30x_HG006_grapev2_0.	sent.mrkdup	531.4337	0:08:51	369719.66	410652.86	369548.72	369549.45	5348.76	12212.40	5522.11	29348.31	i192mem-dy-all-7	10.0.1.155	192	55.2248	m7i.metal-48xl	us-west-2d	2.913300	192	0.430063
I30x_HG006_grapev2_0.	sent.oct.2~1-50000000	382.1387	0:06:22	19794.79	23912.56	19808.42	19816.47	320.17	46.44	2314.30	8818.11	i192mem-dy-all-4	10.0.1.151	192	23.0757	r7i.48xlarge	us-west-2d	4.254400	64	0.150534
I30x_HG006_grapev2_0.	sent.oct.13~50000001-100000000	162.1524	0:02:42	12507.57	17480.59	12526.19	12532.32	2.98	0.62	3675.55	5960.24	i192mem-dy-all-7	10.0.1.202	192	36.7570	m7i.48xlarge	us-west-2d	3.324100	64	0.049908
I30x_HG006_grapev2_0.	sent.clair3.18	1364.3625	0:22:44	13715.54	30242.23	12030.90	12205.01	263.20	998.45	246.14	1870.34	i192mem-dy-all-2	10.0.1.100	192	1.3709	r7i.metal-48xl	us-west-2d	3.660300	64	0.462405
I30x_HG006_grapev2_0.	sent.deep.20	723.2243	0:12:03	23313.59	104052.85	14475.14	14752.82	696.42	2475.66	1435.28	38.52	i128-dy-m6gb512-1	10.0.1.51	128	0.0533	m6i.32xlarge	us-west-2d	1.770000	42	0.116676
I30x_HG006_grapev2_0.	sent.oct.12~100000001-133275309	163.8625	0:02:43	12426.99	17258.90	12202.58	12208.86	439.53	0.11	3548.37	5813.85	i192-dy-all-1	10.0.1.63	192	35.4801	m7i.metal-48xl	us-west-2d	2.913300	64	0.044202
I30x_HG006_grapev2_0.	sent.oct.3~50000001-100000000	238.9264	0:03:58	14788.98	19007.43	14789.81	14795.91	0.98	19.87	3293.84	7870.08	i192mem-dy-all-5	10.0.1.28	192	32.9394	m7i.metal-48xl	us-west-2d	2.913300	64	0.064450
I30x_HG006_grapev2_0.	sent.deep.23	890.7413	0:14:50	22604.05	104298.08	14650.07	14926.56	1465.29	2128.89	1283.50	28.09	i192-dy-all-1	10.0.1.63	192	0.0315	m7i.metal-48xl	us-west-2d	2.913300	42	0.157682
I30x_HG006_grapev2_0.	sent.sentd.1-24	608.4540	0:10:08	30213.27	33830.29	29964.51	29969.90	15643.00	6705.43	14919.46	38639.44	i192-dy-all-6	10.0.1.22	192	63.5043	m7i.metal-48xl	us-west-2d	2.913300	192	0.492391
I30x_HG006_grapev2_0.	sent.oct.3~100000001-150000000	183.7191	0:03:03	12676.32	17746.17	12568.66	12574.92	59.67	9.34	3861.36	7094.41	i192mem-dy-all-4	10.0.1.151	192	38.6155	r7i.48xlarge	us-west-2d	4.254400	64	0.072372
I30x_HG006_grapev2_0.	sent.oct.8~100000001-145138636	162.2161	0:02:42	12513.80	17236.18	12362.88	12369.23	802.52	0.35	3602.96	5845.29	i192-dy-all-5	10.0.1.163	192	36.0340	m7i.metal-48xl	us-west-2d	2.913300	64	0.043758
I30x_HG006_grapev2_0.	sent.deep.22	617.4316	0:10:17	23513.13	105000.42	14853.87	15133.01	489.23	2079.97	1162.32	21.57	i128-dy-c6gb256-9	10.0.1.180	128	0.0349	c6i.32xlarge	us-west-2d	1.678400	42	0.094454
I30x_HG006_grapev2_0.	sent.oct.12~50000001-100000000	198.3790	0:03:18	12444.91	17304.85	12470.25	12476.41	569.23	41.38	3824.59	0.36	i192-dy-all-10	10.0.1.136	192	0.0018	r7i.metal-48xl	us-west-2d	3.660300	64	0.067234
I30x_HG006_grapev2_0.	sent.deep.24	281.6667	0:04:41	25254.51	106618.59	17304.11	17579.88	401.30	1583.94	1631.09	1713.76	i192-dy-all-14	10.0.1.254	192	6.0844	r7i.metal-48xl	us-west-2d	3.660300	42	0.062647
I30x_HG006_grapev2_0.	sent.oct.15~100000001-101991189	32.4568	0:00:32	1166.86	8223.97	1214.53	1220.72	189.91	0.01	599.15	194.93	i192mem-dy-all-4	10.0.1.151	192	6.0058	r7i.48xlarge	us-west-2d	4.254400	64	0.012786
I30x_HG006_grapev2_0.	sent.oct.4~1-50000000	209.2935	0:03:29	13223.50	17628.91	13240.96	13247.09	691.20	22.82	3794.37	7942.10	i192mem-dy-all-11	10.0.1.123	192	37.9472	m7i.metal-48xl	us-west-2d	2.913300	64	0.056457
I30x_HG006_grapev2_0.	sent.oct.2~50000001-100000000	248.8034	0:04:08	12039.16	16373.55	12040.06	12048.07	1369.70	2.42	4133.30	10283.13	i192mem-dy-all-2	10.0.1.100	192	41.3303	r7i.metal-48xl	us-west-2d	3.660300	64	0.084324
I30x_HG006_grapev2_0.	sent.oct.2~150000001-200000000	3380.2523	0:56:20	12584.07	17807.74	12369.82	12376.01	602.43	89.39	176.40	0.39	i192-dy-all-1	10.0.1.63	192	0.0001	m7i.metal-48xl	us-west-2d	2.913300	64	0.911823
I30x_HG006_grapev2_0.	sent.oct.14~1-50000000	126.8978	0:02:06	11703.64	16815.03	11670.22	11676.40	161.18	0.20	3601.27	4569.73	i192mem-dy-all-6	10.0.1.250	192	36.0111	r7i.48xlarge	us-west-2d	4.254400	64	0.049988
I30x_HG003_grapev2_0.	sent.oct.23~150000001-156040895	31.2632	0:00:31	1637.11	8623.64	1681.83	1688.17	86.80	0.02	796.93	249.67	i192mem-dy-all-4	10.0.1.151	192	7.9861	r7i.48xlarge	us-west-2d	4.254400	64	0.012315
I30x_HG003_grapev2_0.	sent.oct.16~1-50000000	205.8659	0:03:25	14459.02	18764.67	14284.73	14291.08	1073.73	17.05	3849.43	7925.31	i192-dy-all-1	10.0.1.63	192	38.4974	m7i.metal-48xl	us-west-2d	2.913300	64	0.055532
I30x_HG003_grapev2_0.	sent.oct.6~1-50000000	421.4820	0:07:01	12753.30	18157.89	12787.90	12793.79	743.52	25.17	2864.02	12070.64	i192mem-dy-all-2	10.0.1.100	192	28.6386	r7i.metal-48xl	us-west-2d	3.660300	64	0.142847
I30x_HG003_grapev2_0.	sent.oct.7~150000001-159345973	77.2298	0:01:17	4710.21	10809.53	4756.65	4762.66	112.89	11.71	1936.09	0.35	i192-dy-all-13	10.0.1.221	192	0.0045	r7i.metal-48xl	us-west-2d	3.660300	64	0.026174
I30x_HG003_grapev2_0.	sent.oct.1~100000001-150000000	260.3620	0:04:20	12705.71	17385.78	12705.24	12711.28	52.64	25.57	4621.67	12033.70	i192mem-dy-all-2	10.0.1.100	192	46.2191	r7i.metal-48xl	us-west-2d	3.660300	64	0.088241
I30x_HG003_grapev2_0.	sent.oct.7~100000001-150000000	220.5457	0:03:40	12521.72	17745.41	12414.70	12420.94	444.37	0.11	3431.69	7568.19	i192mem-dy-all-6	10.0.1.250	192	34.3157	r7i.48xlarge	us-west-2d	4.254400	64	0.086879
I30x_HG003_grapev2_0.	sent.oct.5~150000001-181538259	122.7116	0:02:02	12241.33	16652.49	12011.05	12017.21	161.20	7.29	3332.92	4090.53	i192-dy-all-11	10.0.1.236	192	33.3345	r7i.metal-48xl	us-west-2d	3.660300	64	0.041589
I30x_HG003_grapev2_0.	sent.oct.23~100000001-150000000	74.4742	0:01:14	7843.67	13300.15	5490.12	5496.16	643.64	0.47	1764.26	1314.94	i192mem-dy-all-5	10.0.1.28	192	17.6563	m7i.metal-48xl	us-west-2d	2.913300	64	0.020089
I30x_HG003_grapev2_0.	sent.oct.10~1-50000000	290.8439	0:04:50	12247.37	17095.31	12253.37	12259.87	1046.23	46.48	3855.25	11212.70	i192-dy-all-9	10.0.1.39	192	38.5523	m7i.metal-48xl	us-west-2d	2.913300	64	0.078455
I30x_HG003_grapev2_0.	sent.oct.1~50000001-100000000	201.5414	0:03:21	12675.28	17810.27	12573.30	12579.33	219.38	31.98	3837.77	7734.59	i192mem-dy-all-6	10.0.1.250	192	38.3772	r7i.48xlarge	us-west-2d	4.254400	64	0.079392
I30x_HG003_grapev2_0.	sent.oct.2~200000001-242193529	203.9386	0:03:23	12650.32	17976.09	12388.70	12394.97	904.00	16.44	4208.72	8582.67	i192mem-dy-all-6	10.0.1.250	192	42.0846	r7i.48xlarge	us-west-2d	4.254400	64	0.080337
I30x_HG003_grapev2_0.	sent.oct.17~1-50000000	285.6855	0:04:45	11711.82	16262.29	11703.25	11709.55	317.48	0.18	4024.72	11498.27	i192mem-dy-all-4	10.0.1.151	192	40.2480	r7i.48xlarge	us-west-2d	4.254400	64	0.112539
I30x_HG003_grapev2_0.	sent.oct.2~50000001-100000000	240.6556	0:04:00	12171.46	16619.02	12174.79	12181.12	112.76	18.27	4012.91	9657.21	i192mem-dy-all-2	10.0.1.100	192	40.1288	r7i.metal-48xl	us-west-2d	3.660300	64	0.081562
I30x_HG003_grapev2_0.	sent.oct.15~100000001-101991189	33.6046	0:00:33	1195.08	8294.36	1240.24	1246.36	11.75	0.01	602.78	203.25	i192-dy-all-14	10.0.1.254	192	6.0483	r7i.metal-48xl	us-west-2d	3.660300	64	0.011389
I30x_HG003_grapev2_0.	sent.oct.6~100000001-150000000	176.8549	0:02:56	12718.70	18101.48	12739.86	12746.20	1322.18	17.08	3729.39	6595.28	i192-dy-all-11	10.0.1.236	192	37.2920	r7i.metal-48xl	us-west-2d	3.660300	64	0.059939
I30x_HG003_grapev2_0.	sent.oct.23~50000001-100000000	94.3566	0:01:34	9045.65	13993.20	9063.07	9069.20	101.02	0.27	1992.91	1881.17	i192mem-dy-all-5	10.0.1.28	192	19.9368	m7i.metal-48xl	us-west-2d	2.913300	64	0.025453
I30x_HG003_grapev2_0.	sent.oct.24~1-50000000	82.1473	0:01:22	5997.34	12065.60	4913.93	4920.17	196.35	1.36	3154.31	2591.48	i192-dy-all-13	10.0.1.221	192	31.5468	r7i.metal-48xl	us-west-2d	3.660300	64	0.027841
I30x_HG003_grapev2_0.	sent.oct.14~50000001-100000000	209.8391	0:03:29	12450.11	17575.10	12311.97	12318.25	298.46	20.66	4280.79	8981.46	i192mem-dy-all-6	10.0.1.250	192	42.8017	r7i.48xlarge	us-west-2d	4.254400	64	0.082661
I30x_HG003_grapev2_0.	sent.oct.6~150000001-170805979	109.4119	0:01:49	9858.49	17830.27	9885.51	9891.78	608.06	14.24	3139.79	3436.13	i192mem-dy-all-10	10.0.1.173	192	31.4054	m7i.metal-48xl	us-west-2d	2.913300	64	0.029514
I30x_HG003_grapev2_0.	sent.oct.3~50000001-100000000	226.8641	0:03:46	13948.06	18229.01	13952.65	13958.74	506.78	0.51	3391.66	7695.00	i192-dy-all-14	10.0.1.254	192	33.9190	r7i.metal-48xl	us-west-2d	3.660300	64	0.076888
I30x_HG003_grapev2_0.	sent.oct.12~100000001-133275309	164.4696	0:02:44	12539.11	17549.67	12463.25	12469.21	472.75	0.12	3697.94	6082.15	i192-dy-all-5	10.0.1.163	192	36.9804	m7i.metal-48xl	us-west-2d	2.913300	64	0.044366
I30x_HG003_grapev2_0.	sent.oct.1~1-50000000	193.3004	0:03:13	12169.36	16866.07	12189.18	12195.37	390.73	0.91	4486.08	8672.33	i192mem-dy-all-5	10.0.1.28	192	44.8645	m7i.metal-48xl	us-west-2d	2.913300	64	0.052143
I30x_HG003_grapev2_0.	sent.oct.9~100000001-138394717	165.2291	0:02:45	12476.55	17667.18	12273.48	12279.71	215.59	0.29	3726.83	6157.85	i192-dy-all-13	10.0.1.221	192	37.2686	r7i.metal-48xl	us-west-2d	3.660300	64	0.055999
I30x_HG003_grapev2_0.	sent.mrkdup	577.9051	0:09:37	379041.65	435078.89	379058.54	379059.27	12242.56	12200.42	5097.57	29456.72	i192mem-dy-all-5	10.0.1.28	192	50.9716	m7i.metal-48xl	us-west-2d	2.913300	192	0.467670
I30x_HG003_grapev2_0.	sent.oct.13~100000001-114364328	82.5067	0:01:22	6662.50	12563.40	6699.20	6705.56	205.98	7.02	2695.14	2224.62	i192-dy-all-9	10.0.1.39	192	26.9629	m7i.metal-48xl	us-west-2d	2.913300	64	0.022256
I30x_HG003_grapev2_0.	sent.oct.5~50000001-100000000	164.3741	0:02:44	12622.02	17584.02	12510.52	12516.60	69.32	0.41	3934.25	6467.19	i192mem-dy-all-4	10.0.1.151	192	39.3443	r7i.48xlarge	us-west-2d	4.254400	64	0.064751
I30x_HG003_grapev2_0.	sent.oct.4~1-50000000	217.5503	0:03:37	12876.01	17328.80	12894.85	12900.76	1305.99	7.38	3493.85	7601.44	i192mem-dy-all-3	10.0.1.80	192	34.9411	m7i.48xlarge	us-west-2d	3.324100	64	0.066959
I30x_HG003_grapev2_0.	sent.oct.5~100000001-150000000	194.4074	0:03:14	12625.82	17926.27	12649.61	12657.83	254.64	0.58	4004.35	7784.72	i192mem-dy-all-6	10.0.1.250	192	40.0433	r7i.48xlarge	us-west-2d	4.254400	64	0.076582
I30x_HG003_grapev2_0.	sent.oct.14~1-50000000	128.1485	0:02:08	11777.63	17344.33	11798.38	11804.45	1220.08	0.18	3411.05	4371.37	i192mem-dy-all-1	10.0.1.24	192	34.1118	m7i.metal-48xl	us-west-2d	2.913300	64	0.034568
I30x_HG003_grapev2_0.	sent.oct.13~50000001-100000000	159.9825	0:02:39	12702.00	18332.89	11981.60	11987.65	56.33	0.42	3791.99	6066.40	i192-dy-all-5	10.0.1.163	192	37.9192	m7i.metal-48xl	us-west-2d	2.913300	64	0.043155
I30x_HG003_grapev2_0.	sent.oct.9~1-50000000	203.6660	0:03:23	11998.33	17262.07	12011.79	12017.89	324.07	22.42	3971.81	8089.17	i192-dy-all-9	10.0.1.39	192	39.7178	m7i.metal-48xl	us-west-2d	2.913300	64	0.054939
I30x_HG003_grapev2_0.	sent.oct.19~50000001-58617616	99.2079	0:01:39	4477.58	10888.34	4517.75	4523.71	268.72	0.05	1928.24	1913.76	i192mem-dy-all-3	10.0.1.80	192	19.2904	m7i.48xlarge	us-west-2d	3.324100	64	0.030535
I30x_HG003_grapev2_0.	sent.oct.19~1-50000000	250.6193	0:04:10	12242.84	16688.40	12248.30	12254.49	289.17	2.65	4358.81	10924.42	i192-dy-all-14	10.0.1.254	192	43.5897	r7i.metal-48xl	us-west-2d	3.660300	64	0.084939
I30x_HG003_grapev2_0.	sent.clair3.24	615.6531	0:10:15	8829.58	15546.29	8063.05	8232.21	554.20	388.06	136.67	330.87	i192-dy-all-1	10.0.1.63	192	0.5374	m7i.metal-48xl	us-west-2d	2.913300	64	0.166072
I30x_HG003_grapev2_0.	sent.alignstats	995.4197	0:16:35	1752.09	3970.30	1759.38	1759.98	1025.27	0.24	171.74	1709.51	i128-dy-c6gb256-9	10.0.1.174	128	1.7174	c6i.32xlarge	us-west-2d	1.678400	32	0.116022
I30x_HG003_grapev2_0.	sent.oct.2~150000001-200000000	183.5584	0:03:03	12747.82	18308.20	12407.22	12413.49	271.58	13.22	3617.23	6639.77	i192-dy-all-9	10.0.1.39	192	36.1725	m7i.metal-48xl	us-west-2d	2.913300	64	0.049515
I30x_HG003_grapev2_0.	sent.oct.12~1-50000000	242.6563	0:04:02	12213.57	17264.64	12250.48	12256.87	306.11	19.09	3782.60	9178.91	i192mem-dy-all-6	10.0.1.250	192	37.8268	r7i.48xlarge	us-west-2d	4.254400	64	0.095589
I30x_HG003_grapev2_0.	sent.oct.2~1-50000000	257.8082	0:04:17	19028.66	23392.79	19044.77	19050.89	48.98	48.45	2717.75	0.35	i192mem-dy-all-2	10.0.1.100	192	0.0014	r7i.metal-48xl	us-west-2d	3.660300	64	0.087375
I30x_HG003_grapev2_0.	sent.oct.11~100000001-135086622	147.6469	0:02:27	12586.85	17670.51	12622.75	12628.98	1025.64	14.34	3707.02	5473.73	i192-dy-all-13	10.0.1.221	192	37.0731	r7i.metal-48xl	us-west-2d	3.660300	64	0.050040
I30x_HG003_grapev2_0.	sent.alNsort	1789.5347	0:29:49	102128.33	149494.97	102233.26	102239.05	4547.31	44341.98	5014.32	5111.27	i192mem-dy-all-10	10.0.1.173	192	2.8562	m7i.metal-48xl	us-west-2d	2.913300	192	1.448181
I30x_HG003_grapev2_0.	sent.oct.11~50000001-100000000	175.8799	0:02:55	12136.13	16416.60	12150.50	12156.82	1558.25	20.68	4264.25	7500.36	i192-dy-all-4	10.0.1.4	192	42.6448	m7i.metal-48xl	us-west-2d	2.913300	64	0.047444
I30x_HG003_grapev2_0.	sent.oct.7~50000001-100000000	193.3568	0:03:13	11795.76	16115.38	11823.92	11830.00	181.12	0.49	3948.70	7636.55	i192-dy-all-11	10.0.1.236	192	39.4946	r7i.metal-48xl	us-west-2d	3.660300	64	0.065532
I30x_HG003_grapev2_0.	sent.oct.4~100000001-150000000	175.2836	0:02:55	12478.13	17611.99	12325.16	12331.46	1.00	19.03	3959.32	6940.22	i192mem-dy-all-4	10.0.1.151	192	39.5942	r7i.48xlarge	us-west-2d	4.254400	64	0.069049
I30x_HG003_grapev2_0.	sent.deep.24	379.9927	0:06:19	26158.18	106754.43	17133.27	17410.41	783.28	1653.77	889.27	27.67	i128-dy-r6gb1024r6-1	10.0.1.216	128	0.0728	r6i.32xlarge	us-west-2d	2.756100	42	0.095457
I30x_HG003_grapev2_0.	sent.oct.10~100000001-133797422	149.1892	0:02:29	12323.70	17338.32	11989.39	11995.53	1023.48	14.53	3819.50	5698.54	i192-dy-all-14	10.0.1.254	192	38.1967	r7i.metal-48xl	us-west-2d	3.660300	64	0.050563
I30x_HG003_grapev2_0.	sent.oct.15~1-50000000	130.9551	0:02:10	11888.72	17371.95	11596.74	11602.90	905.11	0.14	3530.61	4624.15	i192-dy-all-11	10.0.1.236	192	35.3110	r7i.metal-48xl	us-west-2d	3.660300	64	0.044383
I30x_HG003_grapev2_0.	sent.oct.16~50000001-90338345	174.8578	0:02:54	12358.38	17094.61	12386.68	12392.93	734.69	18.54	3962.79	6928.87	i192-dy-all-5	10.0.1.163	192	39.6257	m7i.metal-48xl	us-west-2d	2.913300	64	0.047168
I30x_HG003_grapev2_0.	sent.oct.8~50000001-100000000	170.7777	0:02:50	12668.03	17925.50	12695.77	12701.89	249.44	18.58	4018.77	6863.28	i192mem-dy-all-5	10.0.1.28	192	40.1884	m7i.metal-48xl	us-west-2d	2.913300	64	0.046067
I30x_HG003_grapev2_0.	sent.oct.22~50000001-50818468	28.7270	0:00:28	656.57	7918.68	697.96	706.11	79.20	0.01	526.72	151.62	i192mem-dy-all-6	10.0.1.250	192	5.2780	r7i.48xlarge	us-west-2d	4.254400	64	0.011316
I30x_HG003_grapev2_0.	sent.deep.21	526.9027	0:08:46	23790.39	104270.11	14951.88	15231.50	924.62	1974.45	1226.95	3894.91	i128-dy-c6gb256-9	10.0.1.174	128	7.3921	c6i.32xlarge	us-west-2d	1.678400	42	0.080605
I30x_HG004_grapev2_0.	sent.deep.21	851.1952	0:14:11	23763.58	104148.28	14836.75	15113.74	506.21	1971.57	756.91	4103.06	i192-dy-all-5	10.0.1.163	192	4.8204	m7i.metal-48xl	us-west-2d	2.913300	42	0.150682
I30x_HG004_grapev2_0.	sent.clair3.9	1577.2752	0:26:17	21169.41	42793.14	18463.22	18639.22	470.23	1544.50	408.11	1354.50	i192mem-dy-all-2	10.0.1.100	192	0.8588	r7i.metal-48xl	us-west-2d	3.660300	64	0.534565
I30x_HG004_grapev2_0.	sent.deep.3	1413.9603	0:23:33	23564.46	103949.42	14689.83	14966.17	946.61	3734.12	1884.86	64.59	i192-dy-all-5	10.0.1.163	192	0.0457	m7i.metal-48xl	us-west-2d	2.913300	42	0.250304
I30x_HG004_grapev2_0.	sent.deep.20	1104.8292	0:18:24	23877.81	104119.18	14806.96	15084.84	1192.58	2485.23	930.26	40.96	i192-dy-all-1	10.0.1.63	192	0.0371	m7i.metal-48xl	us-west-2d	2.913300	42	0.195581
I30x_HG004_grapev2_0.	sent.oct.23~1-50000000	152.3843	0:02:32	12392.43	17094.14	12402.79	12408.96	334.77	7.38	3705.89	5647.36	i192-dy-all-16	10.0.1.50	192	37.0600	r7i.metal-48xl	us-west-2d	3.660300	64	0.051646
I30x_HG004_grapev2_0.	sent.deep.2	2254.9582	0:37:34	23708.97	104168.27	14770.29	15047.18	1305.88	4179.66	1365.92	77.46	i192-dy-all-1	10.0.1.63	192	0.0344	m7i.metal-48xl	us-west-2d	2.913300	42	0.399180
I30x_HG004_grapev2_0.	sent.clair3.24	5818.8266	1:36:58	5348.85	17073.71	3592.06	3749.32	1585.00	837.53	6.24	192.80	i192-dy-all-13	10.0.1.221	192	0.0331	r7i.metal-48xl	us-west-2d	3.660300	64	1.972097
I30x_HG004_grapev2_0.	sent.oct.2~150000001-200000000	164.1909	0:02:44	12723.31	18019.17	12495.14	12501.44	393.36	0.87	3690.84	6060.51	i192mem-dy-all-4	10.0.1.151	192	36.9114	r7i.48xlarge	us-west-2d	4.254400	64	0.064679
I30x_HG004_grapev2_0.	sent.oct.3~1-50000000	183.0420	0:03:03	12805.42	18054.51	12841.62	12847.72	605.07	14.60	3829.30	7008.81	i192-dy-all-12	10.0.1.44	192	38.2907	r7i.metal-48xl	us-west-2d	3.660300	64	0.062036
I30x_HG004_grapev2_0.	sent.deep.1	1101.7786	0:18:21	24737.43	106601.12	16386.04	16664.24	1162.01	4386.63	3101.96	65.78	i192-dy-all-8	10.0.1.143	192	0.0597	m7i.48xlarge	us-west-2d	3.324100	42	0.222543
I30x_HG004_grapev2_0.	sent.oct.10~1-50000000	295.7786	0:04:55	12459.36	17513.35	12393.89	12400.09	629.52	25.94	3786.51	11200.00	i192-dy-all-1	10.0.1.63	192	37.8662	m7i.metal-48xl	us-west-2d	2.913300	64	0.079786
I30x_HG004_grapev2_0.	sent.oct.12~50000001-100000000	166.7984	0:02:46	12525.32	17746.01	12559.63	12565.86	275.20	41.27	3600.48	0.37	i192-dy-all-12	10.0.1.44	192	0.0022	r7i.metal-48xl	us-west-2d	3.660300	64	0.056531
I30x_HG004_grapev2_0.	sent.deep.23	619.4553	0:10:19	23951.08	103820.52	14631.45	14908.84	1083.65	2508.96	2204.27	8.10	i192-dy-all-15	10.0.1.224	192	0.0131	r7i.metal-48xl	us-west-2d	3.660300	42	0.137776
I30x_HG004_grapev2_0.	sent.deep.22	950.2971	0:15:50	23711.04	104069.73	14825.77	15101.92	671.55	2099.70	713.62	35.30	i192-dy-all-10	10.0.1.136	192	0.0371	r7i.metal-48xl	us-west-2d	3.660300	42	0.211359
I30x_HG004_grapev2_0.	sent.oct.8~1-50000000	176.9886	0:02:56	12463.40	17146.88	12490.42	12496.69	265.98	25.49	4306.79	7623.45	i192-dy-all-16	10.0.1.50	192	43.0731	r7i.metal-48xl	us-west-2d	3.660300	64	0.059984
I30x_HG004_grapev2_0.	sent.deep.7	786.0059	0:13:06	23495.06	103948.84	14703.14	14980.57	1187.12	3382.19	2866.30	56.28	i192-dy-all-13	10.0.1.221	192	0.0716	r7i.metal-48xl	us-west-2d	3.660300	42	0.174819
I30x_HG004_grapev2_0.	sent.clair3.21	6033.3648	1:40:33	8957.54	16881.81	8000.29	8170.33	2370.50	1071.52	32.50	673.76	i192-dy-all-11	10.0.1.236	192	0.1117	r7i.metal-48xl	us-west-2d	3.660300	64	2.044808
I30x_HG004_grapev2_0.	sent.oct.8~100000001-145138636	5920.3293	1:38:40	12749.58	17660.16	12587.47	12593.56	1033.39	197.22	98.21	5815.44	i192-dy-all-7	10.0.1.48	192	0.9823	m7i.48xlarge	us-west-2d	3.324100	64	1.822201
I30x_HG004_grapev2_0.	sent.deep.concat.fofn	0.5460	0:00:00	21.00	50.75	9.44	10.36	0.00	0.00	0.00	0.04	i192mem-dy-all-4	10.0.1.151	192	0.0733	r7i.48xlarge	us-west-2d	4.254400	2	0.000007
I30x_HG004_grapev2_0.	sent.oct.1~50000001-100000000	163.5124	0:02:43	12689.25	17791.78	12443.31	12449.58	423.60	0.13	3548.06	5802.70	i192-dy-all-1	10.0.1.63	192	35.4878	m7i.metal-48xl	us-west-2d	2.913300	64	0.044107
I30x_HG004_grapev2_0.	sent.oct.3~100000001-150000000	5480.9787	1:31:20	12732.12	17704.51	12765.02	12771.19	686.16	207.27	115.16	0.41	i192-dy-all-13	10.0.1.221	192	0.0001	r7i.metal-48xl	us-west-2d	3.660300	64	1.857595
I30x_HG004_grapev2_0.	sent.deep.6	2098.2766	0:34:58	23650.08	103956.77	14594.69	14870.70	1312.09	3520.32	1062.41	65.82	i192-dy-all-3	10.0.1.104	192	0.0314	m7i.metal-48xl	us-west-2d	2.913300	42	0.371444
I30x_HG004_grapev2_0.	sent.deep.24	592.7560	0:09:52	26599.77	106980.15	17738.55	18015.27	525.46	1521.61	739.69	21.58	i192-dy-all-3	10.0.1.104	192	0.0364	m7i.metal-48xl	us-west-2d	2.913300	42	0.104932
I30x_HG004_grapev2_0.	sent.oct.5~1-50000000	217.4727	0:03:37	13213.50	17596.55	13230.53	13236.69	645.61	6.67	3412.96	7423.36	i192-dy-all-14	10.0.1.254	192	34.1347	r7i.metal-48xl	us-west-2d	3.660300	64	0.073705
I30x_HG004_grapev2_0.	sent.oct.16~1-50000000	6651.6937	1:50:51	12984.34	17592.54	13008.78	13014.95	830.47	231.07	115.52	7685.00	i192mem-dy-all-10	10.0.1.173	192	1.1553	m7i.metal-48xl	us-west-2d	2.913300	64	1.794294
I30x_HG004_grapev2_0.	sent.oct.4~150000001-190214555	168.8339	0:02:48	12661.28	17801.35	12498.92	12504.93	704.98	42.93	3456.00	0.35	i192mem-dy-all-5	10.0.1.28	192	0.0021	m7i.metal-48xl	us-west-2d	2.913300	64	0.045543
I30x_HG004_grapev2_0.	sent.oct.15~100000001-101991189	2069.4945	0:34:29	1187.21	8156.39	1239.81	1246.05	607.15	150.58	15.76	326.73	i192mem-dy-all-7	10.0.1.202	192	0.1579	m7i.48xlarge	us-west-2d	3.324100	64	0.636964
I30x_HG004_grapev2_0.	sent.oct.5~100000001-150000000	211.1273	0:03:31	12536.52	17637.58	12528.59	12534.83	1525.21	18.22	3838.27	8103.13	i192mem-dy-all-4	10.0.1.151	192	38.3803	r7i.48xlarge	us-west-2d	4.254400	64	0.083169
I30x_HG004_grapev2_0.	sent.deep.5	1565.4145	0:26:05	23652.54	104010.88	14703.67	14980.40	615.61	3426.25	1494.66	60.14	i192-dy-all-14	10.0.1.254	192	0.0384	r7i.metal-48xl	us-west-2d	3.660300	42	0.348170
I30x_HG004_grapev2_0.	sent.clair3.22	6163.0371	1:42:43	9671.25	18472.56	8477.84	8650.11	2535.22	1058.38	36.02	648.90	i192-dy-all-4	10.0.1.4	192	0.1053	m7i.metal-48xl	us-west-2d	2.913300	64	1.662479
I30x_HG004_grapev2_0.	sent.oct.24~50000001-57227415	27.7905	0:00:27	576.46	7932.52	626.04	632.55	286.35	0.02	968.86	269.81	i192-dy-all-9	10.0.1.39	192	9.7087	m7i.metal-48xl	us-west-2d	2.913300	64	0.007496
I30x_HG004_grapev2_0.	sent.deep.4	1808.5286	0:30:08	23768.84	104138.19	14782.61	15058.85	830.57	3648.96	1481.30	62.33	i192-dy-all-10	10.0.1.136	192	0.0345	r7i.metal-48xl	us-west-2d	3.660300	42	0.402242
I30x_HG004_grapev2_0.	sent.oct.22~1-50000000	222.8941	0:03:42	11026.31	15708.70	11050.42	11056.73	471.86	0.12	4060.12	9050.25	i192mem-dy-all-11	10.0.1.123	192	40.6034	m7i.metal-48xl	us-west-2d	2.913300	64	0.060126
I30x_HG004_grapev2_0.	sent.oct.10~50000001-100000000	180.4988	0:03:00	12288.75	16994.89	12303.91	12309.82	876.30	19.92	4042.31	7295.97	i192-dy-all-16	10.0.1.153	192	40.4212	m7i.metal-48xl	us-west-2d	2.913300	64	0.048690
I30x_HG004_grapev2_0.	sent.alNsort	3098.6076	0:51:38	101955.66	149308.05	102053.65	102060.24	4554.36	41168.97	2862.21	4961.47	i192mem-dy-all-5	10.0.1.195	192	1.6012	m7i.metal-48xl	us-west-2d	2.913300	192	2.507548
I30x_HG004_grapev2_0.	sent.oct.9~1-50000000	199.2050	0:03:19	12009.89	17202.86	11949.72	11955.93	701.43	47.60	3572.27	7116.28	i192-dy-all-10	10.0.1.136	192	35.7234	r7i.metal-48xl	us-west-2d	3.660300	64	0.067514
I30x_HG004_grapev2_0.	sent.deep.8	1450.5953	0:24:10	23484.60	103994.25	14614.06	14891.04	1525.23	3010.30	1263.51	43.03	i192-dy-all-1	10.0.1.63	192	0.0297	m7i.metal-48xl	us-west-2d	2.913300	42	0.256789
I30x_HG004_grapev2_0.	sent.oct.23~100000001-150000000	3718.2660	1:01:58	12162.92	16443.70	12164.39	12170.66	1185.50	303.86	104.70	3893.44	i192-dy-all-2	10.0.1.201	192	1.0471	m7i.metal-48xl	us-west-2d	2.913300	64	1.003002
I30x_HG004_grapev2_0.	sent.oct.11~1-50000000	193.6163	0:03:13	12493.65	17716.86	12536.85	12542.96	769.12	0.08	3895.77	7542.76	i192mem-dy-all-7	10.0.1.202	192	38.9573	m7i.48xlarge	us-west-2d	3.324100	64	0.059593
I30x_HG004_grapev2_0.	sent.oct.2~50000001-100000000	214.1727	0:03:34	12144.28	16435.34	12137.24	12143.56	810.73	8.55	3631.94	7778.50	i192-dy-all-10	10.0.1.136	192	36.3188	r7i.metal-48xl	us-west-2d	3.660300	64	0.072587
I30x_HG004_grapev2_0.	sent.deep.9	1186.8679	0:19:46	23946.12	104491.91	15197.75	15474.10	522.53	2953.53	1560.96	35.00	i192-dy-all-5	10.0.1.163	192	0.0295	m7i.metal-48xl	us-west-2d	2.913300	42	0.210103
I30x_HG004_grapev2_0.	sent.oct.2~1-50000000	233.6575	0:03:53	18826.24	23442.39	18844.75	18850.94	735.13	21.08	3228.36	7543.69	i192-dy-all-10	10.0.1.136	192	32.2852	r7i.metal-48xl	us-west-2d	3.660300	64	0.079190
I30x_HG004_grapev2_0.	sent.clair3.4	2022.0374	0:33:42	27504.62	63863.15	24774.63	24951.68	745.73	2418.43	575.07	1222.80	i192mem-dy-all-4	10.0.1.151	192	0.6047	r7i.48xlarge	us-west-2d	4.254400	64	0.796533
I30x_HG004_grapev2_0.	sent.oct.17~1-50000000	2289.7283	0:38:09	11747.94	16365.25	11770.66	11776.89	1030.97	196.97	423.32	9692.93	i192-dy-all-6	10.0.1.209	192	4.2332	m7i.metal-48xl	us-west-2d	2.913300	64	0.617654
I30x_HG004_grapev2_0.	sent.oct.11~50000001-100000000	190.8669	0:03:10	11952.25	16513.20	11958.11	11964.47	739.83	2.61	4150.67	7922.15	i192-dy-all-6	10.0.1.22	192	41.5061	m7i.metal-48xl	us-west-2d	2.913300	64	0.051486
I30x_HG004_grapev2_0.	sent.oct.2~100000001-150000000	190.4101	0:03:10	12475.02	17102.45	12504.09	12510.32	526.71	0.62	3561.20	6780.86	i192mem-dy-all-2	10.0.1.100	192	35.6119	r7i.metal-48xl	us-west-2d	3.660300	64	0.064533
I30x_HG004_grapev2_0.	sent.sentd.concat.fofn	0.4437	0:00:00	3.38	7.71	0.12	0.32	0.00	0.00	0.00	0.00	ip-10-0-0-248	52.13.178.244	8	0.0000	r7i.2xlarge	us-west-2d	0.206500	1	0.000003
I30x_HG004_grapev2_0.	sent.oct.4~100000001-150000000	3768.3186	1:02:48	12612.06	17811.81	12633.12	12639.39	941.80	102.49	149.53	5634.70	i192-dy-all-5	10.0.1.163	192	1.4953	m7i.metal-48xl	us-west-2d	2.913300	64	1.016504
I30x_HG004_grapev2_0.	sent.oct.23~150000001-156040895	45.5303	0:00:45	1910.71	8923.84	1453.55	1459.71	125.49	0.01	109.57	50.71	i192-dy-all-9	10.0.1.39	192	1.1138	m7i.metal-48xl	us-west-2d	2.913300	64	0.012282
I30x_HG004_grapev2_0.	sent.sentd.merge	26.9766	0:00:26	71.09	1066.46	45.23	48.10	301.09	211.64	144.19	40.01	i192mem-dy-all-6	10.0.1.250	192	1.4831	r7i.48xlarge	us-west-2d	4.254400	4	0.000664
I30x_HG004_grapev2_0.	sent.deep.15	541.9120	0:09:01	24032.97	104030.18	14773.44	15051.13	1122.45	2394.97	2070.35	33.08	i192-dy-all-11	10.0.1.236	192	0.0610	r7i.metal-48xl	us-west-2d	3.660300	42	0.120529
I30x_HG004_grapev2_0.	sent.oct.19~1-50000000	260.4499	0:04:20	12242.02	17402.20	12271.95	12278.29	540.58	35.58	4314.59	11238.28	i192mem-dy-all-2	10.0.1.100	192	43.1495	r7i.metal-48xl	us-west-2d	3.660300	64	0.088271
I30x_HG004_grapev2_0.	sent.deep.14	573.6813	0:09:33	24017.05	104052.44	14729.74	15007.13	1070.08	2382.80	2052.24	33.38	i192-dy-all-7	10.0.1.48	192	0.0582	m7i.48xlarge	us-west-2d	3.324100	42	0.115875
I30x_HG004_grapev2_0.	sent.oct.12~1-50000000	2153.9677	0:35:53	12406.61	17763.29	12429.31	12435.58	1336.43	214.46	386.26	8320.35	i192-dy-all-12	10.0.1.44	192	3.8628	r7i.metal-48xl	us-west-2d	3.660300	64	0.730016
I30x_HG004_grapev2_0.	sent.oct.1~1-50000000	183.2047	0:03:03	12035.03	16608.62	12055.95	12062.24	859.51	12.41	4347.20	7965.24	i192mem-dy-all-3	10.0.1.80	192	43.4773	m7i.48xlarge	us-west-2d	3.324100	64	0.056388
I30x_HG004_grapev2_0.	sent.deep.17	1339.0260	0:22:19	23600.14	103985.02	14727.01	15003.40	662.98	2573.58	936.78	22.39	i192-dy-all-3	10.0.1.104	192	0.0167	m7i.metal-48xl	us-west-2d	2.913300	42	0.237039
I30x_HG004_grapev2_0.	sent.oct.18~50000001-80373285	2183.9959	0:36:23	12160.12	16688.29	12188.36	12194.61	898.05	203.25	188.97	4128.18	i192-dy-all-16	10.0.1.50	192	1.8902	r7i.metal-48xl	us-west-2d	3.660300	64	0.740193
I30x_HG004_grapev2_0.	sent.deep.16	583.0304	0:09:43	24305.63	104251.54	15000.89	15278.92	1079.89	2468.38	1925.23	23.55	i192-dy-all-16	10.0.1.50	192	0.0404	r7i.metal-48xl	us-west-2d	3.660300	42	0.129674
I30x_HG004_grapev2_0.	sent.oct.5~50000001-100000000	158.3847	0:02:38	12450.06	16839.14	12475.05	12481.19	561.91	6.31	3765.15	5963.74	i192mem-dy-all-3	10.0.1.80	192	37.6535	m7i.48xlarge	us-west-2d	3.324100	64	0.048749
I30x_HG004_grapev2_0.	sent.oct.10~100000001-133797422	151.1290	0:02:31	12310.24	17622.83	11888.27	11896.79	462.60	10.78	3698.91	5590.49	i192-dy-all-1	10.0.1.63	192	36.9915	m7i.metal-48xl	us-west-2d	2.913300	64	0.040767
I30x_HG004_grapev2_0.	sent.oct.20~50000001-64444167	79.9996	0:01:19	7507.37	17072.84	7553.29	7559.72	393.80	6.72	2622.06	2098.23	i192-dy-all-16	10.0.1.50	192	26.2280	r7i.metal-48xl	us-west-2d	3.660300	64	0.027113
I30x_HG004_grapev2_0.	sent.deep.11	1486.7875	0:24:46	23613.91	103910.54	14632.14	14908.61	734.94	3070.75	1367.85	38.03	i192-dy-all-14	10.0.1.254	192	0.0256	r7i.metal-48xl	us-west-2d	3.660300	42	0.330682
I30x_HG004_grapev2_0.	sent.deep.merge	18.2833	0:00:18	91.97	2761.08	89.95	90.37	222.97	239.70	144.08	0.46	i128-dy-c6gb256-9	10.0.1.174	128	0.0252	c6i.32xlarge	us-west-2d	1.678400	4	0.000266
I30x_HG004_grapev2_0.	sent.oct.3~150000001-198295559	220.4229	0:03:40	12435.50	17377.29	12311.00	12317.31	319.86	2.23	2984.67	6579.15	i192-dy-all-9	10.0.1.39	192	29.8478	m7i.metal-48xl	us-west-2d	2.913300	64	0.059459
I30x_HG004_grapev2_0.	sent.oct.1~100000001-150000000	3095.7685	0:51:35	12853.47	17735.06	12862.13	12868.52	1243.39	110.61	331.32	10257.26	i192-dy-all-8	10.0.1.143	192	3.3133	m7i.48xlarge	us-west-2d	3.324100	64	0.952837
I30x_HG004_grapev2_0.	sent.oct.7~150000001-159345973	80.3414	0:01:20	6966.32	13276.37	5945.16	5951.35	574.52	4.99	2300.13	1849.02	i192-dy-all-16	10.0.1.50	192	23.0145	r7i.metal-48xl	us-west-2d	3.660300	64	0.027229
I30x_HG004_grapev2_0.	sent.deep.10	1658.3367	0:27:38	23745.64	104105.47	14777.20	15053.37	745.07	3272.56	1291.41	50.86	i192-dy-all-10	10.0.1.136	192	0.0307	r7i.metal-48xl	us-west-2d	3.660300	42	0.368837
I30x_HG004_grapev2_0.	sent.oct.4~50000001-100000000	156.3506	0:02:36	12424.14	17222.64	12429.05	12437.42	0.00	9.38	3751.52	5865.83	i192mem-dy-all-4	10.0.1.151	192	37.5172	r7i.48xlarge	us-west-2d	4.254400	64	0.061591
I30x_HG004_grapev2_0.	sent.mrkdup	643.6737	0:10:43	374751.63	427228.50	369007.59	369008.32	4635.73	11528.46	5012.62	32269.83	i192mem-dy-all-5	10.0.1.195	192	50.1338	m7i.metal-48xl	us-west-2d	2.913300	192	0.520893
I30x_HG004_grapev2_0.	sent.oct.19~50000001-58617616	91.4525	0:01:31	4252.12	10314.30	4295.84	4302.19	368.52	0.06	1988.48	1819.52	i192-dy-all-12	10.0.1.44	192	19.8958	r7i.metal-48xl	us-west-2d	3.660300	64	0.030995
I30x_HG004_grapev2_0.	sent.oct.7~100000001-150000000	224.7882	0:03:44	12499.28	17433.74	12524.86	12531.09	226.78	0.09	3216.83	7231.49	i192-dy-all-9	10.0.1.39	192	32.1702	m7i.metal-48xl	us-west-2d	2.913300	64	0.060637
I30x_HG004_grapev2_0.	sent.deep.13	484.9995	0:08:04	23292.44	104334.74	14870.07	15147.92	1335.39	2584.22	2588.91	36.57	i192-dy-all-2	10.0.1.201	192	0.0754	m7i.metal-48xl	us-west-2d	2.913300	42	0.085856
I30x_HG004_grapev2_0.	sent.oct.14~1-50000000	126.6519	0:02:06	11861.07	17402.26	11478.59	11484.79	290.11	1.64	3465.25	4388.74	i192-dy-all-16	10.0.1.153	192	34.6520	m7i.metal-48xl	us-west-2d	2.913300	64	0.034164
I30x_HG004_grapev2_0.	sent.oct.7~1-50000000	6597.8468	1:49:57	12641.82	18305.95	12679.74	12686.14	1399.39	444.44	127.55	8416.82	i192mem-dy-all-10	10.0.1.173	192	1.2757	m7i.metal-48xl	us-west-2d	2.913300	64	1.779769
I30x_HG004_grapev2_0.	sent.sentd.1-24	593.4765	0:09:53	29233.29	32609.72	29093.00	29098.39	15354.65	6466.78	14438.10	39069.82	i192-dy-all-6	10.0.1.209	192	65.8321	m7i.metal-48xl	us-west-2d	2.913300	192	0.480271
I30x_HG004_grapev2_0.	sent.oct.5~150000001-181538259	145.0103	0:02:25	12177.81	16770.77	12105.71	12111.85	967.88	13.06	3697.06	5361.14	i192-dy-all-6	10.0.1.22	192	36.9707	m7i.metal-48xl	us-west-2d	2.913300	64	0.039117
I30x_HG004_grapev2_0.	sent.deep.12	712.8057	0:11:52	23810.46	104034.55	14646.07	14922.56	1090.15	2985.90	2351.01	57.00	i192-dy-all-12	10.0.1.44	192	0.0800	r7i.metal-48xl	us-west-2d	3.660300	42	0.158538
I30x_HG004_grapev2_0.	sent.oct.21~1-46709983	234.3397	0:03:54	11110.30	16133.32	11141.24	11147.51	480.02	18.96	3920.80	9188.18	i192-dy-all-14	10.0.1.254	192	39.2088	r7i.metal-48xl	us-west-2d	3.660300	64	0.079422
I30x_HG004_grapev2_0.	sent.oct.6~150000001-170805979	119.4956	0:01:59	9488.86	14729.70	9512.19	9518.34	989.23	7.39	2783.81	3326.23	i192-dy-all-3	10.0.1.11	192	27.8356	c7i.metal-48xl	us-west-2d	2.546400	64	0.028174
I30x_HG004_grapev2_0.	sent.oct.18~1-50000000	159.1512	0:02:39	12139.27	17127.03	11612.44	11618.76	554.73	2.41	4026.79	6409.16	i192mem-dy-all-4	10.0.1.151	192	40.2709	r7i.48xlarge	us-west-2d	4.254400	64	0.062694
I30x_HG004_grapev2_0.	sent.clair3.19	6229.8596	1:43:49	12796.09	23470.11	11219.52	11396.11	1912.14	1533.95	64.92	566.00	i192-dy-all-5	10.0.1.163	192	0.0909	m7i.metal-48xl	us-west-2d	2.913300	64	1.680505
I30x_HG004_grapev2_0.	sent.oct.1~150000001-200000000	181.7986	0:03:01	12719.06	18028.51	12752.74	12758.83	224.37	13.64	3862.86	7022.74	i192-dy-all-14	10.0.1.254	192	38.6292	r7i.metal-48xl	us-west-2d	3.660300	64	0.061615
I30x_HG004_grapev2_0.	sent.oct.11~100000001-135086622	140.0760	0:02:20	12571.57	17734.99	12342.79	12349.08	1278.55	15.27	3640.76	5100.03	i192mem-dy-all-6	10.0.1.250	192	36.4090	r7i.48xlarge	us-west-2d	4.254400	64	0.055180
I30x_HG004_grapev2_0.	sent.oct.15~50000001-100000000	203.5869	0:03:23	12660.66	18052.86	12668.75	12674.99	314.11	21.22	3935.27	8012.45	i192-dy-all-14	10.0.1.254	192	39.3564	r7i.metal-48xl	us-west-2d	3.660300	64	0.068999
I30x_HG004_grapev2_0.	sent.oct.9~50000001-100000000	2707.8947	0:45:07	11509.56	16102.69	11551.22	11557.50	1275.12	103.94	188.76	5112.39	i192mem-dy-all-3	10.0.1.80	192	1.8880	m7i.48xlarge	us-west-2d	3.324100	64	0.833455
I30x_HG004_grapev2_0.	sent.oct.14~100000001-107043718	65.0598	0:01:05	3201.66	9501.86	3241.61	3249.84	629.34	0.04	1526.69	993.75	i192-dy-all-14	10.0.1.254	192	15.2744	r7i.metal-48xl	us-west-2d	3.660300	64	0.022050
I30x_HG004_grapev2_0.	sent.oct.9~100000001-138394717	152.0155	0:02:32	12640.09	17707.36	12284.88	12290.85	516.37	8.71	3770.96	5733.06	i192-dy-all-14	10.0.1.254	192	37.7137	r7i.metal-48xl	us-west-2d	3.660300	64	0.051521
I30x_HG004_grapev2_0.	sent.oct.20~1-50000000	325.4789	0:05:25	11601.36	16997.85	11624.82	11631.22	417.11	22.43	3937.72	12816.43	i192-dy-all-5	10.0.1.163	192	39.3771	m7i.metal-48xl	us-west-2d	2.913300	64	0.087798
I30x_HG004_grapev2_0.	sent.oct.2~200000001-242193529	167.6635	0:02:47	12623.89	17827.04	12650.03	12656.14	308.38	38.89	3705.54	0.35	i192mem-dy-all-5	10.0.1.28	192	0.0021	m7i.metal-48xl	us-west-2d	2.913300	64	0.045227
I30x_HG004_grapev2_0.	sent.deep.18	528.0791	0:08:48	23954.44	103917.90	14670.04	14947.58	1027.88	2155.21	1875.08	6687.42	i192-dy-all-9	10.0.1.232	192	12.6637	r7i.metal-48xl	us-west-2d	3.660300	42	0.117452
I30x_HG004_grapev2_0.	sent.oct.22~50000001-50818468	27.4460	0:00:27	605.68	7772.97	655.67	661.84	408.03	0.02	496.97	137.06	i192-dy-all-1	10.0.1.63	192	4.9938	m7i.metal-48xl	us-west-2d	2.913300	64	0.007404
I30x_HG004_grapev2_0.	sent.oct.6~50000001-100000000	170.2307	0:02:50	12208.21	17312.46	12237.14	12243.52	593.85	33.15	3431.98	5842.09	i192mem-dy-all-6	10.0.1.250	192	34.3187	r7i.48xlarge	us-west-2d	4.254400	64	0.067058
I30x_HG004_grapev2_0.	sent.deep.19	1144.4263	0:19:04	23650.09	103919.50	14649.05	14925.28	761.11	2411.84	879.12	29.22	i192-dy-all-14	10.0.1.254	192	0.0255	r7i.metal-48xl	us-west-2d	3.660300	42	0.254536
I30x_HG004_grapev2_0.	sent.alignstats	759.4903	0:12:39	1826.32	4127.60	1844.69	1845.30	769.90	0.22	179.06	1360.08	i192-dy-all-1	10.0.1.63	192	1.7908	m7i.metal-48xl	us-west-2d	2.913300	32	0.102436
I30x_HG004_grapev2_0.	sent.oct.16~50000001-90338345	180.0540	0:03:00	12261.82	16985.35	12287.78	12294.04	306.11	17.97	3876.76	6980.35	i192mem-dy-all-5	10.0.1.28	192	38.7681	m7i.metal-48xl	us-west-2d	2.913300	64	0.048570
I30x_HG004_grapev2_0.	sent.oct.6~100000001-150000000	166.3930	0:02:46	12488.47	17387.24	12509.87	12515.89	662.58	0.33	3460.92	5759.24	i192-dy-all-10	10.0.1.136	192	34.6123	r7i.metal-48xl	us-west-2d	3.660300	64	0.056393
I30x_HG004_grapev2_0.	sent.oct.15~1-50000000	119.0538	0:01:59	11571.79	16589.02	11620.47	11626.71	723.32	13.02	3604.40	4291.78	i192-dy-all-5	10.0.1.163	192	36.0491	m7i.metal-48xl	us-west-2d	2.913300	64	0.032115
I30x_HG004_grapev2_0.	sent.oct.23~50000001-100000000	3783.2279	1:03:03	12398.02	16864.23	12417.53	12423.80	845.11	109.95	98.84	3740.01	i192mem-dy-all-3	10.0.1.80	192	0.9886	m7i.48xlarge	us-west-2d	3.324100	64	1.164429
I30x_HG004_grapev2_0.	sent.oct.13~100000001-114364328	78.8124	0:01:18	6505.11	16673.40	6535.32	6541.44	334.07	7.57	2615.61	2062.76	i192mem-dy-all-4	10.0.1.151	192	26.1730	r7i.48xlarge	us-west-2d	4.254400	64	0.031046
I30x_HG004_grapev2_0.	sent.oct.8~50000001-100000000	161.2924	0:02:41	12726.20	17934.27	12739.77	12745.84	289.05	0.30	3596.64	5800.52	i192mem-dy-all-4	10.0.1.151	192	35.9628	r7i.48xlarge	us-west-2d	4.254400	64	0.063537
I30x_HG004_grapev2_0.	sent.oct.14~50000001-100000000	4320.3729	1:12:00	12747.93	18205.04	12772.15	12778.33	1290.30	353.01	169.37	7317.86	i192mem-dy-all-11	10.0.1.123	192	1.6938	m7i.metal-48xl	us-west-2d	2.913300	64	1.165421
I30x_HG002_grapev2_0.	sent.alNsort	1493.2562	0:24:53	101801.38	149313.78	101894.60	101901.18	4547.67	43968.88	5958.83	5105.04	i192mem-dy-all-11	10.0.1.123	192	3.4187	m7i.metal-48xl	us-west-2d	2.913300	192	1.208418
I30x_HG007_grapev2_0.	dirsetup	0.3539	0:00:00	16.56	39.91	7.48	8.17	0.00	0.00	0.00	0.00	ip-10-0-0-248	52.13.178.244	8	0.0000	r7i.2xlarge	us-west-2d	0.206500	1	0.000003
I30x_HG007_grapev2_0.	sent.alNsort	1481.7174	0:24:41	101899.11	149284.91	101980.30	101993.50	4547.26	39507.31	5936.63	4848.15	i192mem-dy-all-9	10.0.1.69	192	3.2720	m7i.metal-48xl	us-west-2d	2.913300	192	1.199080
I30x_HG007_grapev2_0.	sent.mrkdup	591.7851	0:09:51	398617.91	440616.42	396794.05	396794.75	11968.57	11516.45	5427.17	32122.38	i192mem-dy-all-5	10.0.1.195	192	54.2805	m7i.metal-48xl	us-west-2d	2.913300	192	0.478902
