mqc_id	SNPClass	Sample	TgtRegionSize	TN	FN	TP	FP	Fscore	Sensitivity-Recall	Specificity	FDR	PPV	Precision	AltId	CmpFootprint	AllVarMeanDP	CovBin	Aligner	SNVCaller
O3_HG006_sup-PAY77227_0-ont-clair3-SNPts	SNPts	O3_HG006_sup-PAY77227_0	3088286401.0	3086001441.0	14207.0	2270753.0	497843.0	0.8986753090299188	0.9937823856872768	0.999838703024303	0.17981785713769724	0.8201821428623027	0.8201821428623027	HG006	hg38	-1	-2	ont	clair3
O3_HG006_sup-PAY77227_0-ont-clair3-SNPtv	SNPtv	O3_HG006_sup-PAY77227_0	3088286401.0	3087202601.0	6097.0	1077703.0	404255.0	0.8400659766041849	0.9943744233253368	0.9998690717378041	0.27278438390291765	0.7272156160970824	0.7272156160970824	HG006	hg38	-1	-2	ont	clair3
O3_HG006_sup-PAY77227_0-ont-clair3-INS_50	INS_50	O3_HG006_sup-PAY77227_0	3088286401.0	3088065093.0	39613.0	181695.0	141323.0	0.6675962566550192	0.8210051150432881	0.9999542378387443	0.43750812648211557	0.5624918735178844	0.5624918735178844	HG006	hg38	-1	-2	ont	clair3
O3_HG006_sup-PAY77227_0-ont-clair3-INS_gt50	INS_gt50	O3_HG006_sup-PAY77227_0	3088286401.0	3088286359.0	42.0	0.0	0.0		0.0	1.0				HG006	hg38	-1	-2	ont	clair3
O3_HG006_sup-PAY77227_0-ont-clair3-DEL_50	DEL_50	O3_HG006_sup-PAY77227_0	3088286401.0	3088064463.0	62813.0	159125.0	132610.0	0.6195575784594479	0.7169795168019898	0.9999570590875954	0.45455636108111813	0.5454436389188819	0.5454436389188818	HG006	hg38	-1	-2	ont	clair3
O3_HG006_sup-PAY77227_0-ont-clair3-DEL_gt50	DEL_gt50	O3_HG006_sup-PAY77227_0	3088286401.0	3088286361.0	39.0	1.0	182.0	0.008968609865470852	0.025	0.9999999410676447	0.994535519125683	0.005464480874316946	0.00546448087431694	HG006	hg38	-1	-2	ont	clair3
O3_HG006_sup-PAY77227_0-ont-clair3-Indel_50	Indel_50	O3_HG006_sup-PAY77227_0	3088286401.0	3088260803.0	7373.0	18225.0	24224.0	0.5356591767454847	0.7119696851316509	0.9999921561644122	0.5706612641051615	0.4293387358948385	0.4293387358948385	HG006	hg38	-1	-2	ont	clair3
O3_HG006_sup-PAY77227_0-ont-clair3-Indel_gt50	Indel_gt50	O3_HG006_sup-PAY77227_0	3088286401.0	3088285370.0	39.0	992.0	2332.0	0.45556831228473027	0.962172647914646	0.9999992448890048	0.7015643802647413	0.2984356197352587	0.29843561973525873	HG006	hg38	-1	-2	ont	clair3
O3_HG006_sup-PAY77227_0-ont-clair3-All	All	O3_HG006_sup-PAY77227_0	3088286401.0	3084447684.0	130223.0	3708494.0	1202769.0	0.8476577089319062	0.9660764260558932	0.9996102056865092	0.24490014075809013	0.7550998592419098	0.7550998592419099	HG006	hg38	-1	-2	ont	clair3
O3_HG006_sup-PAY77227_0-ont-clair3-SNPts	SNPts	O3_HG006_sup-PAY77227_0	2518942743.0	2516724409.0	13075.0	2205259.0	3490.0	0.9962582585417984	0.9941059371582458	0.999998613278773	0.0015800799457068233	0.9984199200542931	0.9984199200542931	HG006	giabHC	-1	-2	ont	clair3
O3_HG006_sup-PAY77227_0-ont-clair3-SNPtv	SNPtv	O3_HG006_sup-PAY77227_0	2518942743.0	2517891832.0	5412.0	1045499.0	2365.0	0.9962945051279912	0.9948501823655856	0.9999990607230428	0.0022569722788453464	0.9977430277211546	0.9977430277211546	HG006	giabHC	-1	-2	ont	clair3
O3_HG006_sup-PAY77227_0-ont-clair3-INS_50	INS_50	O3_HG006_sup-PAY77227_0	2518942743.0	2518739956.0	36632.0	166155.0	10142.0	0.8766130989437697	0.8193572566288766	0.9999959733996604	0.057527921632245585	0.9424720783677544	0.9424720783677544	HG006	giabHC	-1	-2	ont	clair3
O3_HG006_sup-PAY77227_0-ont-clair3-INS_gt50	INS_gt50	O3_HG006_sup-PAY77227_0	2518942743.0	2518942733.0	10.0	0.0	0.0		0.0	1.0				HG006	giabHC	-1	-2	ont	clair3
O3_HG006_sup-PAY77227_0-ont-clair3-DEL_50	DEL_50	O3_HG006_sup-PAY77227_0	2518942743.0	2518738167.0	58483.0	146093.0	4492.0	0.8226860494254719	0.7141258016580635	0.9999982165704845	0.02983032838596142	0.9701696716140386	0.9701696716140386	HG006	giabHC	-1	-2	ont	clair3
O3_HG006_sup-PAY77227_0-ont-clair3-DEL_gt50	DEL_gt50	O3_HG006_sup-PAY77227_0	2518942743.0	2518942742.0	1.0	0.0	0.0		0.0	1.0				HG006	giabHC	-1	-2	ont	clair3
O3_HG006_sup-PAY77227_0-ont-clair3-Indel_50	Indel_50	O3_HG006_sup-PAY77227_0	2518942743.0	2518922441.0	6466.0	13836.0	69.0	0.8089572309761159	0.6815092109151808	0.9999999726073352	0.004962243797195253	0.9950377562028048	0.9950377562028048	HG006	giabHC	-1	-2	ont	clair3
O3_HG006_sup-PAY77227_0-ont-clair3-Indel_gt50	Indel_gt50	O3_HG006_sup-PAY77227_0	2518942743.0	2518942420.0	1.0	322.0	0.0	0.9984496124031007	0.9969040247678018	1.0	0.0	1.0	1.0	HG006	giabHC	-1	-2	ont	clair3
O3_HG006_sup-PAY77227_0-ont-clair3-All	All	O3_HG006_sup-PAY77227_0	2518942743.0	2515245499.0	120080.0	3577164.0	20558.0	0.9807212261167496	0.9675217540416592	0.9999918267095671	0.005714171356208178	0.9942858286437918	0.9942858286437918	HG006	giabHC	-1	-2	ont	clair3
O3_HG006_sup-PAY77227_0-ont-clair3-SNPts	SNPts	O3_HG006_sup-PAY77227_0	331588110.0	331336486.0	1374.0	250250.0	394.0	0.9964799668702764	0.9945394715925349	0.9999988108779198	0.0015719506551124304	0.9984280493448876	0.9984280493448876	HG006	giabHC_x_ultima_x_clinvar	-1	-2	ont	clair3
O3_HG006_sup-PAY77227_0-ont-clair3-SNPtv	SNPtv	O3_HG006_sup-PAY77227_0	331588110.0	331475816.0	485.0	111809.0	281.0	0.9965862093553908	0.9956809802838976	0.9999991522767326	0.00250691408689446	0.9974930859131056	0.9974930859131056	HG006	giabHC_x_ultima_x_clinvar	-1	-2	ont	clair3
O3_HG006_sup-PAY77227_0-ont-clair3-INS_50	INS_50	O3_HG006_sup-PAY77227_0	331588110.0	331571533.0	633.0	15944.0	147.0	0.9761234235337334	0.9618145623454184	0.9999995566569497	0.009135541607109565	0.9908644583928904	0.9908644583928904	HG006	giabHC_x_ultima_x_clinvar	-1	-2	ont	clair3
O3_HG006_sup-PAY77227_0-ont-clair3-INS_gt50	INS_gt50	O3_HG006_sup-PAY77227_0	331588110.0	331588109.0	1.0	0.0	0.0		0.0	1.0				HG006	giabHC_x_ultima_x_clinvar	-1	-2	ont	clair3
O3_HG006_sup-PAY77227_0-ont-clair3-DEL_50	DEL_50	O3_HG006_sup-PAY77227_0	331588110.0	331570464.0	2369.0	15277.0	75.0	0.9259349051457665	0.8657486115833617	0.9999997738037878	0.004885356956748306	0.9951146430432517	0.9951146430432517	HG006	giabHC_x_ultima_x_clinvar	-1	-2	ont	clair3
O3_HG006_sup-PAY77227_0-ont-clair3-DEL_gt50	DEL_gt50	O3_HG006_sup-PAY77227_0	331588110.0	331588110.0	0.0	0.0	0.0			1.0				HG006	giabHC_x_ultima_x_clinvar	-1	-2	ont	clair3
O3_HG006_sup-PAY77227_0-ont-clair3-Indel_50	Indel_50	O3_HG006_sup-PAY77227_0	331588110.0	331587145.0	27.0	938.0	7.0	0.9821989528795811	0.9720207253886011	0.9999999788894113	0.007407407407407408	0.9925925925925926	0.9925925925925926	HG006	giabHC_x_ultima_x_clinvar	-1	-2	ont	clair3
O3_HG006_sup-PAY77227_0-ont-clair3-Indel_gt50	Indel_gt50	O3_HG006_sup-PAY77227_0	331588110.0	331588089.0	0.0	21.0	0.0	1.0	1.0	1.0	0.0	1.0	1.0	HG006	giabHC_x_ultima_x_clinvar	-1	-2	ont	clair3
O3_HG006_sup-PAY77227_0-ont-clair3-All	All	O3_HG006_sup-PAY77227_0	331588110.0	331188982.0	4889.0	394239.0	904.0	0.992706519563222	0.9877507967368864	0.9999972704480474	0.002287779360889602	0.9977122206391104	0.9977122206391104	HG006	giabHC_x_ultima_x_clinvar	-1	-2	ont	clair3
O3_HG006_sup-PAY77227_0-ont-clair3-SNPts	SNPts	O3_HG006_sup-PAY77227_0	2799325643.0	2797104167.0	12035.0	2209441.0	220888.0	0.9499284686266943	0.994582430780256	0.9999210359912928	0.09088810609592364	0.9091118939040763	0.9091118939040763	HG006	ultima	-1	-2	ont	clair3
O3_HG006_sup-PAY77227_0-ont-clair3-SNPtv	SNPtv	O3_HG006_sup-PAY77227_0	2799325643.0	2798283667.0	4542.0	1037434.0	143201.0	0.9335272794024686	0.9956409744562255	0.9999488280356233	0.12129150838320056	0.8787084916167994	0.8787084916167994	HG006	ultima	-1	-2	ont	clair3
O3_HG006_sup-PAY77227_0-ont-clair3-INS_50	INS_50	O3_HG006_sup-PAY77227_0	2799325643.0	2799170526.0	6195.0	148922.0	38454.0	0.869635291816183	0.9600624045075653	0.999986262547643	0.20522372128767824	0.7947762787123218	0.7947762787123217	HG006	ultima	-1	-2	ont	clair3
O3_HG006_sup-PAY77227_0-ont-clair3-INS_gt50	INS_gt50	O3_HG006_sup-PAY77227_0	2799325643.0	2799325623.0	20.0	0.0	0.0		0.0	1.0				HG006	ultima	-1	-2	ont	clair3
O3_HG006_sup-PAY77227_0-ont-clair3-DEL_50	DEL_50	O3_HG006_sup-PAY77227_0	2799325643.0	2799164154.0	22102.0	139387.0	43919.0	0.8085210052349947	0.8631361888425837	0.9999843102052957	0.23959390309100628	0.7604060969089937	0.7604060969089937	HG006	ultima	-1	-2	ont	clair3
O3_HG006_sup-PAY77227_0-ont-clair3-DEL_gt50	DEL_gt50	O3_HG006_sup-PAY77227_0	2799325643.0	2799325618.0	25.0	0.0	52.0		0.0	0.9999999814240977	1.0	0.0	0.0	HG006	ultima	-1	-2	ont	clair3
O3_HG006_sup-PAY77227_0-ont-clair3-Indel_50	Indel_50	O3_HG006_sup-PAY77227_0	2799325643.0	2799311526.0	502.0	13615.0	4520.0	0.8442887262805407	0.9644400368350216	0.999998385319869	0.2492417976288944	0.7507582023711056	0.7507582023711056	HG006	ultima	-1	-2	ont	clair3
O3_HG006_sup-PAY77227_0-ont-clair3-Indel_gt50	Indel_gt50	O3_HG006_sup-PAY77227_0	2799325643.0	2799324955.0	14.0	674.0	453.0	0.7426997245179062	0.9796511627906976	0.999999838175298	0.40195208518189884	0.5980479148181012	0.5980479148181012	HG006	ultima	-1	-2	ont	clair3
O3_HG006_sup-PAY77227_0-ont-clair3-All	All	O3_HG006_sup-PAY77227_0	2799325643.0	2795730735.0	45435.0	3549473.0	451487.0	0.9345799584721589	0.9873612899133998	0.9998385344858973	0.11284466727985283	0.8871553327201471	0.8871553327201471	HG006	ultima	-1	-2	ont	clair3
O3_HG006_sup-PAY77227_0-ont-clair3-SNPts	SNPts	O3_HG006_sup-PAY77227_0	377862616.0	377594662.0	1803.0	266151.0	49425.0	0.9122101691429747	0.9932712331221031	0.9998691228018618	0.15661837402083809	0.8433816259791619	0.8433816259791619	HG006	clinvar_genes	-1	-2	ont	clair3
O3_HG006_sup-PAY77227_0-ont-clair3-SNPtv	SNPtv	O3_HG006_sup-PAY77227_0	377862616.0	377741071.0	749.0	120796.0	31876.0	0.8810248817542311	0.993837673289728	0.9999156212739606	0.20878746594005448	0.7912125340599455	0.7912125340599455	HG006	clinvar_genes	-1	-2	ont	clair3
O3_HG006_sup-PAY77227_0-ont-clair3-INS_50	INS_50	O3_HG006_sup-PAY77227_0	377862616.0	377837088.0	4499.0	21029.0	14635.0	0.6873120669368544	0.8237621435286744	0.9999612678754412	0.4103577837595334	0.5896422162404666	0.5896422162404665	HG006	clinvar_genes	-1	-2	ont	clair3
O3_HG006_sup-PAY77227_0-ont-clair3-INS_gt50	INS_gt50	O3_HG006_sup-PAY77227_0	377862616.0	377862606.0	10.0	0.0	0.0		0.0	1.0				HG006	clinvar_genes	-1	-2	ont	clair3
O3_HG006_sup-PAY77227_0-ont-clair3-DEL_50	DEL_50	O3_HG006_sup-PAY77227_0	377862616.0	377837043.0	7155.0	18418.0	13668.0	0.6388595015522295	0.720212724357721	0.9999638269835094	0.42598017827089696	0.574019821729103	0.574019821729103	HG006	clinvar_genes	-1	-2	ont	clair3
O3_HG006_sup-PAY77227_0-ont-clair3-DEL_gt50	DEL_gt50	O3_HG006_sup-PAY77227_0	377862616.0	377862610.0	6.0	0.0	20.0		0.0	0.9999999470707119	1.0	0.0	0.0	HG006	clinvar_genes	-1	-2	ont	clair3
O3_HG006_sup-PAY77227_0-ont-clair3-Indel_50	Indel_50	O3_HG006_sup-PAY77227_0	377862616.0	377860247.0	706.0	1663.0	2183.0	0.5351568785197105	0.7019839594765724	0.9999942227651476	0.5676027041081644	0.4323972958918356	0.4323972958918357	HG006	clinvar_genes	-1	-2	ont	clair3
O3_HG006_sup-PAY77227_0-ont-clair3-Indel_gt50	Indel_gt50	O3_HG006_sup-PAY77227_0	377862616.0	377862518.0	4.0	94.0	229.0	0.44655581947743467	0.9591836734693877	0.9999993939598391	0.7089783281733746	0.2910216718266254	0.29102167182662536	HG006	clinvar_genes	-1	-2	ont	clair3
O3_HG006_sup-PAY77227_0-ont-clair3-All	All	O3_HG006_sup-PAY77227_0	377862616.0	377419533.0	14932.0	428151.0	112036.0	0.8708716832609559	0.9662997677636018	0.9997032407109775	0.207402251442556	0.792597748557444	0.792597748557444	HG006	clinvar_genes	-1	-2	ont	clair3
O3_HG006_sup-PAY77227_0-ont-clair3-SNPts	SNPts	O3_HG006_sup-PAY77227_0	336562667.0	336302157.0	1648.0	258862.0	568.0	0.9957379697657422	0.993673947257303	0.9999983110455022	0.0021894152565239177	0.9978105847434761	0.9978105847434761	HG006	giabHC_x_clinvar_genes	-1	-2	ont	clair3
O3_HG006_sup-PAY77227_0-ont-clair3-SNPtv	SNPtv	O3_HG006_sup-PAY77227_0	336562667.0	336444876.0	661.0	117130.0	401.0	0.9954870347863778	0.9943883658344016	0.9999988081271237	0.0034118658056172414	0.9965881341943827	0.9965881341943827	HG006	giabHC_x_clinvar_genes	-1	-2	ont	clair3
O3_HG006_sup-PAY77227_0-ont-clair3-INS_50	INS_50	O3_HG006_sup-PAY77227_0	336562667.0	336539216.0	4136.0	19315.0	1188.0	0.8788733676115938	0.8236322544880815	0.9999964699632321	0.05794274008681656	0.9420572599131835	0.9420572599131835	HG006	giabHC_x_clinvar_genes	-1	-2	ont	clair3
O3_HG006_sup-PAY77227_0-ont-clair3-INS_gt50	INS_gt50	O3_HG006_sup-PAY77227_0	336562667.0	336562664.0	3.0	0.0	0.0		0.0	1.0				HG006	giabHC_x_clinvar_genes	-1	-2	ont	clair3
O3_HG006_sup-PAY77227_0-ont-clair3-DEL_50	DEL_50	O3_HG006_sup-PAY77227_0	336562667.0	336538937.0	6635.0	17095.0	536.0	0.8266241145040013	0.7203961230509903	0.9999984073190725	0.03040099824173331	0.9695990017582667	0.9695990017582667	HG006	giabHC_x_clinvar_genes	-1	-2	ont	clair3
O3_HG006_sup-PAY77227_0-ont-clair3-DEL_gt50	DEL_gt50	O3_HG006_sup-PAY77227_0	336562667.0	336562667.0	0.0	0.0	0.0			1.0				HG006	giabHC_x_clinvar_genes	-1	-2	ont	clair3
O3_HG006_sup-PAY77227_0-ont-clair3-Indel_50	Indel_50	O3_HG006_sup-PAY77227_0	336562667.0	336560841.0	596.0	1230.0	13.0	0.801564027370479	0.6736035049288062	0.9999999613739986	0.010458567980691875	0.9895414320193081	0.9895414320193081	HG006	giabHC_x_clinvar_genes	-1	-2	ont	clair3
O3_HG006_sup-PAY77227_0-ont-clair3-Indel_gt50	Indel_gt50	O3_HG006_sup-PAY77227_0	336562667.0	336562639.0	0.0	28.0	0.0	1.0	1.0	1.0	0.0	1.0	1.0	HG006	giabHC_x_clinvar_genes	-1	-2	ont	clair3
O3_HG006_sup-PAY77227_0-ont-clair3-All	All	O3_HG006_sup-PAY77227_0	336562667.0	336135328.0	13679.0	413660.0	2706.0	0.9805797049916736	0.9679902840601957	0.9999919497357446	0.0064990897431586635	0.9935009102568413	0.9935009102568413	HG006	giabHC_x_clinvar_genes	-1	-2	ont	clair3
O3_HG006_sup-PAY77227_0-ont-clair3-SNPts	SNPts	O3_HG006_sup-PAY77227_0	2497573920.0	2495405954.0	11508.0	2156458.0	2499.0	0.9967628266091169	0.9946917986721194	0.9999989985607378	0.0011575033685247088	0.9988424966314753	0.9988424966314753	HG006	giabHC_x_ultima	-1	-2	ont	clair3
O3_HG006_sup-PAY77227_0-ont-clair3-SNPtv	SNPtv	O3_HG006_sup-PAY77227_0	2497573920.0	2496556939.0	4293.0	1012688.0	1577.0	0.9971101481553687	0.9957786821976025	0.9999993683304478	0.0015548204857704841	0.9984451795142295	0.9984451795142295	HG006	giabHC_x_ultima	-1	-2	ont	clair3
O3_HG006_sup-PAY77227_0-ont-clair3-INS_50	INS_50	O3_HG006_sup-PAY77227_0	2497573920.0	2497428238.0	5732.0	139950.0	1507.0	0.9747892135864512	0.9606540272648646	0.9999993965796223	0.010653414111708859	0.9893465858882912	0.9893465858882912	HG006	giabHC_x_ultima	-1	-2	ont	clair3
O3_HG006_sup-PAY77227_0-ont-clair3-INS_gt50	INS_gt50	O3_HG006_sup-PAY77227_0	2497573920.0	2497573916.0	4.0	0.0	0.0		0.0	1.0				HG006	giabHC_x_ultima	-1	-2	ont	clair3
O3_HG006_sup-PAY77227_0-ont-clair3-DEL_50	DEL_50	O3_HG006_sup-PAY77227_0	2497573920.0	2497422165.0	20963.0	130792.0	621.0	0.9237766979319698	0.8618628710750882	0.9999997513436638	0.004725559876115757	0.9952744401238842	0.9952744401238842	HG006	giabHC_x_ultima	-1	-2	ont	clair3
O3_HG006_sup-PAY77227_0-ont-clair3-DEL_gt50	DEL_gt50	O3_HG006_sup-PAY77227_0	2497573920.0	2497573919.0	1.0	0.0	0.0		0.0	1.0				HG006	giabHC_x_ultima	-1	-2	ont	clair3
O3_HG006_sup-PAY77227_0-ont-clair3-Indel_50	Indel_50	O3_HG006_sup-PAY77227_0	2497573920.0	2497562656.0	424.0	10840.0	36.0	0.979223125564589	0.9623579545454546	0.9999999855859474	0.0033100404560500183	0.99668995954395	0.99668995954395	HG006	giabHC_x_ultima	-1	-2	ont	clair3
O3_HG006_sup-PAY77227_0-ont-clair3-Indel_gt50	Indel_gt50	O3_HG006_sup-PAY77227_0	2497573920.0	2497573655.0	1.0	264.0	0.0	0.998109640831758	0.9962264150943396	1.0	0.0	1.0	1.0	HG006	giabHC_x_ultima	-1	-2	ont	clair3
O3_HG006_sup-PAY77227_0-ont-clair3-All	All	O3_HG006_sup-PAY77227_0	2497573920.0	2494080002.0	42926.0	3450992.0	6240.0	0.9929269257604857	0.9877140791512565	0.9999974980817042	0.0018049121378027277	0.9981950878621972	0.9981950878621972	HG006	giabHC_x_ultima	-1	-2	ont	clair3
O3_HG006_sup-PAY77227_0-ont-deep15-SNPts	SNPts	O3_HG006_sup-PAY77227_0	2799325643.0	2797104240.0	1131.0	2220272.0	184288.0	0.9599177511795922	0.9994908623063893	0.9999341190591692	0.07664104867418571	0.9233589513258142	0.9233589513258142	HG006	ultima	-1	-2	ont	deep15
O3_HG006_sup-PAY77227_0-ont-deep15-SNPtv	SNPtv	O3_HG006_sup-PAY77227_0	2799325643.0	2798283818.0	679.0	1041146.0	111904.0	0.9487064183609545	0.9993482590646222	0.999960011373974	0.09705043146437708	0.9029495685356229	0.9029495685356229	HG006	ultima	-1	-2	ont	deep15
O3_HG006_sup-PAY77227_0-ont-deep15-INS_50	INS_50	O3_HG006_sup-PAY77227_0	2799325643.0	2799171515.0	2726.0	151402.0	36823.0	0.8844788858283701	0.9823134018478148	0.9999868452092329	0.1956328861734626	0.8043671138265374	0.8043671138265374	HG006	ultima	-1	-2	ont	deep15
O3_HG006_sup-PAY77227_0-ont-deep15-INS_gt50	INS_gt50	O3_HG006_sup-PAY77227_0	2799325643.0	2799325621.0	8.0	14.0	1683.0	0.01628853984874927	0.6363636363636364	0.9999993987841301	0.9917501473187978	0.008249852681202152	0.008249852681202121	HG006	ultima	-1	-2	ont	deep15
O3_HG006_sup-PAY77227_0-ont-deep15-DEL_50	DEL_50	O3_HG006_sup-PAY77227_0	2799325643.0	2799164159.0	2429.0	159055.0	47814.0	0.8636009480036813	0.9849582621188477	0.999982918764116	0.23113177904857662	0.7688682209514234	0.7688682209514234	HG006	ultima	-1	-2	ont	deep15
O3_HG006_sup-PAY77227_0-ont-deep15-DEL_gt50	DEL_gt50	O3_HG006_sup-PAY77227_0	2799325643.0	2799325618.0	20.0	5.0	1339.0	0.007304601899196493	0.2	0.9999995216707371	0.9962797619047619	0.0037202380952381375	0.003720238095238095	HG006	ultima	-1	-2	ont	deep15
O3_HG006_sup-PAY77227_0-ont-deep15-Indel_50	Indel_50	O3_HG006_sup-PAY77227_0	2799325643.0	2799309861.0	858.0	14924.0	7296.0	0.7854323456660177	0.9456342668863262	0.9999973936500972	0.3283528352835284	0.6716471647164717	0.6716471647164717	HG006	ultima	-1	-2	ont	deep15
O3_HG006_sup-PAY77227_0-ont-deep15-Indel_gt50	Indel_gt50	O3_HG006_sup-PAY77227_0	2799325643.0	2799324897.0	22.0	724.0	965.0	0.5946611909650924	0.9705093833780161	0.9999996552741455	0.5713439905269391	0.42865600947306093	0.428656009473061	HG006	ultima	-1	-2	ont	deep15
O3_HG006_sup-PAY77227_0-ont-deep15-All	All	O3_HG006_sup-PAY77227_0	2799325643.0	2795730228.0	7873.0	3587542.0	392112.0	0.9471971806461434	0.9978102666868776	0.9998597657926512	0.09852916861616613	0.9014708313838339	0.9014708313838339	HG006	ultima	-1	-2	ont	deep15
O3_HG006_sup-PAY77227_0-ont-deep15-SNPts	SNPts	O3_HG006_sup-PAY77227_0	331588110.0	331336494.0	116.0	251500.0	357.0	0.9990605255892571	0.9995389800330663	0.9999989225466502	0.0014174710252246314	0.9985825289747754	0.9985825289747754	HG006	giabHC_x_ultima_x_clinvar	-1	-2	ont	deep15
O3_HG006_sup-PAY77227_0-ont-deep15-SNPtv	SNPtv	O3_HG006_sup-PAY77227_0	331588110.0	331475823.0	63.0	112224.0	193.0	0.9988607234406152	0.9994389377220871	0.9999994177557631	0.001716822188814859	0.9982831778111851	0.9982831778111851	HG006	giabHC_x_ultima_x_clinvar	-1	-2	ont	deep15
O3_HG006_sup-PAY77227_0-ont-deep15-INS_50	INS_50	O3_HG006_sup-PAY77227_0	331588110.0	331571621.0	269.0	16220.0	120.0	0.9881507203996467	0.983686093759476	0.9999996380873725	0.0073439412484700125	0.99265605875153	0.99265605875153	HG006	giabHC_x_ultima_x_clinvar	-1	-2	ont	deep15
O3_HG006_sup-PAY77227_0-ont-deep15-INS_gt50	INS_gt50	O3_HG006_sup-PAY77227_0	331588110.0	331588109.0	0.0	1.0	0.0	1.0	1.0	1.0	0.0	1.0	1.0	HG006	giabHC_x_ultima_x_clinvar	-1	-2	ont	deep15
O3_HG006_sup-PAY77227_0-ont-deep15-DEL_50	DEL_50	O3_HG006_sup-PAY77227_0	331588110.0	331570485.0	228.0	17397.0	91.0	0.9909150457095662	0.9870638297872341	0.9999997255486265	0.005203568161024703	0.9947964318389753	0.9947964318389753	HG006	giabHC_x_ultima_x_clinvar	-1	-2	ont	deep15
O3_HG006_sup-PAY77227_0-ont-deep15-DEL_gt50	DEL_gt50	O3_HG006_sup-PAY77227_0	331588110.0	331588110.0	0.0	0.0	0.0			1.0				HG006	giabHC_x_ultima_x_clinvar	-1	-2	ont	deep15
O3_HG006_sup-PAY77227_0-ont-deep15-Indel_50	Indel_50	O3_HG006_sup-PAY77227_0	331588110.0	331586962.0	67.0	1081.0	76.0	0.9379609544468546	0.9416376306620209	0.9999997707992434	0.06568712186689715	0.9343128781331028	0.9343128781331028	HG006	giabHC_x_ultima_x_clinvar	-1	-2	ont	deep15
O3_HG006_sup-PAY77227_0-ont-deep15-Indel_gt50	Indel_gt50	O3_HG006_sup-PAY77227_0	331588110.0	331588083.0	2.0	25.0	0.0	0.9615384615384615	0.9259259259259259	1.0	0.0	1.0	1.0	HG006	giabHC_x_ultima_x_clinvar	-1	-2	ont	deep15
O3_HG006_sup-PAY77227_0-ont-deep15-All	All	O3_HG006_sup-PAY77227_0	331588110.0	331188917.0	745.0	398448.0	837.0	0.9980187306350332	0.9981337348099791	0.999997472747904	0.0020962470415868363	0.9979037529584132	0.9979037529584132	HG006	giabHC_x_ultima_x_clinvar	-1	-2	ont	deep15
O3_HG006_sup-PAY77227_0-ont-deep15-SNPts	SNPts	O3_HG006_sup-PAY77227_0	3088286401.0	3086002211.0	2924.0	2281266.0	433933.0	0.9126179219100575	0.9987198963308657	0.999859406454644	0.15981627865950157	0.8401837213404985	0.8401837213404985	HG006	hg38	-1	-2	ont	deep15
O3_HG006_sup-PAY77227_0-ont-deep15-SNPtv	SNPtv	O3_HG006_sup-PAY77227_0	3088286401.0	3087204000.0	1936.0	1080465.0	340449.0	0.8632273605199505	0.9982113837662752	0.9998897347048363	0.23959859639640402	0.760401403603596	0.760401403603596	HG006	hg38	-1	-2	ont	deep15
O3_HG006_sup-PAY77227_0-ont-deep15-INS_50	INS_50	O3_HG006_sup-PAY77227_0	3088286401.0	3088069605.0	24939.0	191857.0	125438.0	0.7184431117543639	0.884965589771029	0.9999593814515426	0.3953355709985975	0.6046644290014025	0.6046644290014025	HG006	hg38	-1	-2	ont	deep15
O3_HG006_sup-PAY77227_0-ont-deep15-INS_gt50	INS_gt50	O3_HG006_sup-PAY77227_0	3088286401.0	3088286357.0	17.0	27.0	8318.0	0.0064370008344260335	0.6136363636363636	0.9999973066041699	0.9967645296584782	0.003235470341521829	0.0032354703415218692	HG006	hg38	-1	-2	ont	deep15
O3_HG006_sup-PAY77227_0-ont-deep15-DEL_50	DEL_50	O3_HG006_sup-PAY77227_0	3088286401.0	3088066923.0	21006.0	198472.0	144770.0	0.7054023315325562	0.9042910906787924	0.9999531217369819	0.42177239382126896	0.578227606178731	0.578227606178731	HG006	hg38	-1	-2	ont	deep15
O3_HG006_sup-PAY77227_0-ont-deep15-DEL_gt50	DEL_gt50	O3_HG006_sup-PAY77227_0	3088286401.0	3088286362.0	32.0	7.0	2605.0	0.005281026027913994	0.1794871794871795	0.9999991564908505	0.9973200612557427	0.0026799387442573153	0.002679938744257274	HG006	hg38	-1	-2	ont	deep15
O3_HG006_sup-PAY77227_0-ont-deep15-Indel_50	Indel_50	O3_HG006_sup-PAY77227_0	3088286401.0	3088250039.0	4418.0	31944.0	74103.0	0.4486233313905722	0.8784995324789615	0.9999760054331758	0.6987750714305921	0.30122492856940786	0.3012249285694079	HG006	hg38	-1	-2	ont	deep15
O3_HG006_sup-PAY77227_0-ont-deep15-Indel_gt50	Indel_gt50	O3_HG006_sup-PAY77227_0	3088286401.0	3088285288.0	84.0	1029.0	5306.0	0.27631578947368424	0.9245283018867925	0.9999982818974321	0.8375690607734807	0.1624309392265193	0.16243093922651933	HG006	hg38	-1	-2	ont	deep15
O3_HG006_sup-PAY77227_0-ont-deep15-All	All	O3_HG006_sup-PAY77227_0	3088286401.0	3084445978.0	55356.0	3785067.0	1134922.0	0.8641299062190226	0.9855859627962857	0.9996321853042324	0.23067571899042863	0.7693242810095714	0.7693242810095714	HG006	hg38	-1	-2	ont	deep15
O3_HG006_sup-PAY77227_0-ont-deep15-SNPts	SNPts	O3_HG006_sup-PAY77227_0	336562667.0	336302238.0	314.0	260115.0	512.0	0.9984147577227783	0.9987942971020892	0.999998477562256	0.001964493318036888	0.9980355066819631	0.9980355066819631	HG006	giabHC_x_clinvar_genes	-1	-2	ont	deep15
O3_HG006_sup-PAY77227_0-ont-deep15-SNPtv	SNPtv	O3_HG006_sup-PAY77227_0	336562667.0	336445024.0	199.0	117444.0	345.0	0.9976893540385335	0.9983084416412367	0.9999989745734916	0.002928966202276953	0.997071033797723	0.997071033797723	HG006	giabHC_x_clinvar_genes	-1	-2	ont	deep15
O3_HG006_sup-PAY77227_0-ont-deep15-INS_50	INS_50	O3_HG006_sup-PAY77227_0	336562667.0	336539640.0	2649.0	20378.0	454.0	0.929250552908183	0.884961132583489	0.9999986509779724	0.021793394777265745	0.9782066052227343	0.9782066052227343	HG006	giabHC_x_clinvar_genes	-1	-2	ont	deep15
O3_HG006_sup-PAY77227_0-ont-deep15-INS_gt50	INS_gt50	O3_HG006_sup-PAY77227_0	336562667.0	336562664.0	0.0	3.0	1.0	0.8571428571428571	1.0	0.9999999970287852	0.25	0.75	0.75	HG006	giabHC_x_clinvar_genes	-1	-2	ont	deep15
O3_HG006_sup-PAY77227_0-ont-deep15-DEL_50	DEL_50	O3_HG006_sup-PAY77227_0	336562667.0	336539198.0	2119.0	21350.0	625.0	0.9396179913739988	0.9097106821764881	0.9999981428646558	0.02844141069397042	0.9715585893060296	0.9715585893060296	HG006	giabHC_x_clinvar_genes	-1	-2	ont	deep15
O3_HG006_sup-PAY77227_0-ont-deep15-DEL_gt50	DEL_gt50	O3_HG006_sup-PAY77227_0	336562667.0	336562667.0	0.0	0.0	0.0			1.0				HG006	giabHC_x_clinvar_genes	-1	-2	ont	deep15
O3_HG006_sup-PAY77227_0-ont-deep15-Indel_50	Indel_50	O3_HG006_sup-PAY77227_0	336562667.0	336559724.0	374.0	2569.0	414.0	0.867026662166723	0.872918790349983	0.9999987699078018	0.1387864565873282	0.8612135434126718	0.8612135434126718	HG006	giabHC_x_clinvar_genes	-1	-2	ont	deep15
O3_HG006_sup-PAY77227_0-ont-deep15-Indel_gt50	Indel_gt50	O3_HG006_sup-PAY77227_0	336562667.0	336562632.0	4.0	31.0	2.0	0.9117647058823529	0.8857142857142857	0.9999999940575697	0.06060606060606061	0.9393939393939394	0.9393939393939394	HG006	giabHC_x_clinvar_genes	-1	-2	ont	deep15
O3_HG006_sup-PAY77227_0-ont-deep15-All	All	O3_HG006_sup-PAY77227_0	336562667.0	336135118.0	5659.0	421890.0	2353.0	0.9905939478182467	0.9867640901978487	0.9999929998878346	0.005546349615668379	0.9944536503843316	0.9944536503843316	HG006	giabHC_x_clinvar_genes	-1	-2	ont	deep15
O3_HG006_sup-PAY77227_0-ont-deep15-SNPts	SNPts	O3_HG006_sup-PAY77227_0	377862616.0	377594722.0	421.0	267473.0	45094.0	0.9215881859418635	0.9984284829074186	0.999880589921694	0.14426986854018498	0.855730131459815	0.855730131459815	HG006	clinvar_genes	-1	-2	ont	deep15
O3_HG006_sup-PAY77227_0-ont-deep15-SNPtv	SNPtv	O3_HG006_sup-PAY77227_0	377862616.0	377741217.0	258.0	121141.0	28024.0	0.8954702029833976	0.9978747765632336	0.9999258171471933	0.18787249019542118	0.8121275098045788	0.8121275098045788	HG006	clinvar_genes	-1	-2	ont	deep15
O3_HG006_sup-PAY77227_0-ont-deep15-INS_50	INS_50	O3_HG006_sup-PAY77227_0	377862616.0	377837591.0	2900.0	22125.0	13145.0	0.7338916991458662	0.8841158841158842	0.999965211130355	0.3726963425007088	0.6273036574992912	0.6273036574992912	HG006	clinvar_genes	-1	-2	ont	deep15
O3_HG006_sup-PAY77227_0-ont-deep15-INS_gt50	INS_gt50	O3_HG006_sup-PAY77227_0	377862616.0	377862606.0	2.0	8.0	923.0	0.01700318809776833	0.8	0.9999975573191664	0.99140708915145	0.008592910848549962	0.008592910848549946	HG006	clinvar_genes	-1	-2	ont	deep15
O3_HG006_sup-PAY77227_0-ont-deep15-DEL_50	DEL_50	O3_HG006_sup-PAY77227_0	377862616.0	377837304.0	2359.0	22953.0	15583.0	0.7189888485152236	0.9068030973451328	0.9999587590818116	0.4043751297488063	0.5956248702511937	0.5956248702511937	HG006	clinvar_genes	-1	-2	ont	deep15
O3_HG006_sup-PAY77227_0-ont-deep15-DEL_gt50	DEL_gt50	O3_HG006_sup-PAY77227_0	377862616.0	377862611.0	3.0	2.0	301.0	0.012987012987012986	0.4	0.9999992034148089	0.9933993399339934	0.0066006600660065695	0.006600660066006601	HG006	clinvar_genes	-1	-2	ont	deep15
O3_HG006_sup-PAY77227_0-ont-deep15-Indel_50	Indel_50	O3_HG006_sup-PAY77227_0	377862616.0	377859032.0	475.0	3109.0	7751.0	0.4304901689282747	0.8674665178571429	0.9999794874798508	0.713720073664825	0.28627992633517496	0.28627992633517496	HG006	clinvar_genes	-1	-2	ont	deep15
O3_HG006_sup-PAY77227_0-ont-deep15-Indel_gt50	Indel_gt50	O3_HG006_sup-PAY77227_0	377862616.0	377862511.0	11.0	94.0	548.0	0.251673360107095	0.8952380952380953	0.999998549739153	0.8535825545171339	0.14641744548286606	0.14641744548286603	HG006	clinvar_genes	-1	-2	ont	deep15
O3_HG006_sup-PAY77227_0-ont-deep15-All	All	O3_HG006_sup-PAY77227_0	377862616.0	377419282.0	6429.0	436905.0	111369.0	0.8812050729723843	0.9854985180473412	0.9997050067333473	0.20312653892032087	0.7968734610796792	0.7968734610796792	HG006	clinvar_genes	-1	-2	ont	deep15
O3_HG006_sup-PAY77227_0-ont-deep15-SNPts	SNPts	O3_HG006_sup-PAY77227_0	2497573920.0	2495406034.0	863.0	2167023.0	1760.0	0.9993951578965329	0.9996019163369292	0.999999294704455	0.0008115150293966708	0.9991884849706033	0.9991884849706033	HG006	giabHC_x_ultima	-1	-2	ont	deep15
O3_HG006_sup-PAY77227_0-ont-deep15-SNPtv	SNPtv	O3_HG006_sup-PAY77227_0	2497573920.0	2496557101.0	554.0	1016265.0	1073.0	0.9992001600663075	0.9994551636033552	0.9999995702082927	0.0010547133794274863	0.9989452866205725	0.9989452866205725	HG006	giabHC_x_ultima	-1	-2	ont	deep15
O3_HG006_sup-PAY77227_0-ont-deep15-INS_50	INS_50	O3_HG006_sup-PAY77227_0	2497573920.0	2497429132.0	2442.0	142346.0	1254.0	0.9871839327572576	0.9831339613780148	0.9999994978839022	0.008732590529247911	0.9912674094707521	0.9912674094707521	HG006	giabHC_x_ultima	-1	-2	ont	deep15
O3_HG006_sup-PAY77227_0-ont-deep15-INS_gt50	INS_gt50	O3_HG006_sup-PAY77227_0	2497573920.0	2497573916.0	0.0	4.0	0.0	1.0	1.0	1.0	0.0	1.0	1.0	HG006	giabHC_x_ultima	-1	-2	ont	deep15
O3_HG006_sup-PAY77227_0-ont-deep15-DEL_50	DEL_50	O3_HG006_sup-PAY77227_0	2497573920.0	2497422392.0	1999.0	149529.0	808.0	0.9907011412386333	0.9868077187054538	0.9999996764665275	0.005374591750533801	0.9946254082494662	0.9946254082494662	HG006	giabHC_x_ultima	-1	-2	ont	deep15
O3_HG006_sup-PAY77227_0-ont-deep15-DEL_gt50	DEL_gt50	O3_HG006_sup-PAY77227_0	2497573920.0	2497573919.0	0.0	1.0	1.0	0.6666666666666666	1.0	0.9999999995996115	0.5	0.5	0.5	HG006	giabHC_x_ultima	-1	-2	ont	deep15
O3_HG006_sup-PAY77227_0-ont-deep15-Indel_50	Indel_50	O3_HG006_sup-PAY77227_0	2497573920.0	2497560957.0	690.0	12273.0	770.0	0.9438591094362839	0.9467715806526267	0.9999996916993115	0.059035497968258834	0.9409645020317412	0.9409645020317412	HG006	giabHC_x_ultima	-1	-2	ont	deep15
O3_HG006_sup-PAY77227_0-ont-deep15-Indel_gt50	Indel_gt50	O3_HG006_sup-PAY77227_0	2497573920.0	2497573591.0	3.0	326.0	2.0	0.9923896499238964	0.9908814589665653	0.9999999991992228	0.006097560975609756	0.9939024390243902	0.9939024390243902	HG006	giabHC_x_ultima	-1	-2	ont	deep15
O3_HG006_sup-PAY77227_0-ont-deep15-All	All	O3_HG006_sup-PAY77227_0	2497573920.0	2494079602.0	6551.0	3487767.0	5668.0	0.9982513692169714	0.9981252421788744	0.999997727423329	0.0016224718650840791	0.9983775281349159	0.9983775281349159	HG006	giabHC_x_ultima	-1	-2	ont	deep15
O3_HG006_sup-PAY77227_0-ont-deep15-SNPts	SNPts	O3_HG006_sup-PAY77227_0	2518942743.0	2516725072.0	2090.0	2215581.0	2681.0	0.9989244652703276	0.9990575698559435	0.9999989347278438	0.0012086038529263	0.9987913961470737	0.9987913961470737	HG006	giabHC	-1	-2	ont	deep15
O3_HG006_sup-PAY77227_0-ont-deep15-SNPtv	SNPtv	O3_HG006_sup-PAY77227_0	2518942743.0	2517893113.0	1388.0	1048242.0	2150.0	0.9983152557449397	0.9986776292598344	0.9999991461122185	0.002046854888460689	0.9979531451115393	0.9979531451115393	HG006	giabHC	-1	-2	ont	deep15
O3_HG006_sup-PAY77227_0-ont-deep15-INS_50	INS_50	O3_HG006_sup-PAY77227_0	2518942743.0	2518743913.0	22795.0	176035.0	4375.0	0.9283567134268537	0.8853543227883116	0.9999982630261146	0.024250318718474585	0.9757496812815254	0.9757496812815254	HG006	giabHC	-1	-2	ont	deep15
O3_HG006_sup-PAY77227_0-ont-deep15-INS_gt50	INS_gt50	O3_HG006_sup-PAY77227_0	2518942743.0	2518942733.0	0.0	10.0	1.0	0.9523809523809523	1.0	0.999999999603008	0.09090909090909091	0.9090909090909091	0.9090909090909091	HG006	giabHC	-1	-2	ont	deep15
O3_HG006_sup-PAY77227_0-ont-deep15-DEL_50	DEL_50	O3_HG006_sup-PAY77227_0	2518942743.0	2518740695.0	18852.0	183196.0	5121.0	0.9385882443354296	0.9066954387076338	0.9999979668452579	0.02719350881757887	0.9728064911824211	0.9728064911824211	HG006	giabHC	-1	-2	ont	deep15
O3_HG006_sup-PAY77227_0-ont-deep15-DEL_gt50	DEL_gt50	O3_HG006_sup-PAY77227_0	2518942743.0	2518942742.0	0.0	1.0	1.0	0.6666666666666666	1.0	0.999999999603008	0.5	0.5	0.5	HG006	giabHC	-1	-2	ont	deep15
O3_HG006_sup-PAY77227_0-ont-deep15-Indel_50	Indel_50	O3_HG006_sup-PAY77227_0	2518942743.0	2518912447.0	3593.0	26703.0	3851.0	0.8776663927691044	0.8814034856086612	0.9999984711679372	0.12603914381095765	0.8739608561890424	0.8739608561890424	HG006	giabHC	-1	-2	ont	deep15
O3_HG006_sup-PAY77227_0-ont-deep15-Indel_gt50	Indel_gt50	O3_HG006_sup-PAY77227_0	2518942743.0	2518942336.0	11.0	396.0	7.0	0.9777777777777777	0.972972972972973	0.9999999972210559	0.017369727047146403	0.9826302729528535	0.9826302729528535	HG006	giabHC	-1	-2	ont	deep15
O3_HG006_sup-PAY77227_0-ont-deep15-All	All	O3_HG006_sup-PAY77227_0	2518942743.0	2515243850.0	48729.0	3650164.0	18187.0	0.9909170919274563	0.986826058499124	0.999992769341829	0.004957813469866979	0.995042186530133	0.995042186530133	HG006	giabHC	-1	-2	ont	deep15
O3_HG006_sup-PAY77227_0-ont-deep19-SNPts	SNPts	O3_HG006_sup-PAY77227_0	336562667.0	336302165.0	270.0	260232.0	535.0	0.9984556917829375	0.9989635396273349	0.9999984091712615	0.0020516399697814523	0.9979483600302186	0.9979483600302186	HG006	giabHC_x_clinvar_genes	-1	-2	ont	deep19
O3_HG006_sup-PAY77227_0-ont-deep19-SNPtv	SNPtv	O3_HG006_sup-PAY77227_0	336562667.0	336444909.0	177.0	117581.0	291.0	0.9980138352501804	0.9984969174068853	0.9999991350745976	0.0024687796932265508	0.9975312203067734	0.9975312203067734	HG006	giabHC_x_clinvar_genes	-1	-2	ont	deep19
O3_HG006_sup-PAY77227_0-ont-deep19-INS_50	INS_50	O3_HG006_sup-PAY77227_0	336562667.0	336539679.0	1795.0	21193.0	512.0	0.9483811782605778	0.9219157821472073	0.9999984786363897	0.02358903478461184	0.9764109652153882	0.9764109652153882	HG006	giabHC_x_clinvar_genes	-1	-2	ont	deep19
O3_HG006_sup-PAY77227_0-ont-deep19-INS_gt50	INS_gt50	O3_HG006_sup-PAY77227_0	336562667.0	336562664.0	0.0	3.0	1.0	0.8571428571428571	1.0	0.9999999970287852	0.25	0.75	0.75	HG006	giabHC_x_clinvar_genes	-1	-2	ont	deep19
O3_HG006_sup-PAY77227_0-ont-deep19-DEL_50	DEL_50	O3_HG006_sup-PAY77227_0	336562667.0	336539353.0	1541.0	21773.0	517.0	0.9548723796158233	0.9339023762546109	0.9999984637778578	0.02319425751458053	0.9768057424854195	0.9768057424854195	HG006	giabHC_x_clinvar_genes	-1	-2	ont	deep19
O3_HG006_sup-PAY77227_0-ont-deep19-DEL_gt50	DEL_gt50	O3_HG006_sup-PAY77227_0	336562667.0	336562667.0	0.0	0.0	0.0			1.0				HG006	giabHC_x_clinvar_genes	-1	-2	ont	deep19
O3_HG006_sup-PAY77227_0-ont-deep19-Indel_50	Indel_50	O3_HG006_sup-PAY77227_0	336562667.0	336559952.0	181.0	2534.0	273.0	0.9177834118073162	0.9333333333333333	0.9999991888524558	0.09725685785536159	0.9027431421446384	0.9027431421446384	HG006	giabHC_x_clinvar_genes	-1	-2	ont	deep19
O3_HG006_sup-PAY77227_0-ont-deep19-Indel_gt50	Indel_gt50	O3_HG006_sup-PAY77227_0	336562667.0	336562633.0	0.0	34.0	0.0	1.0	1.0	1.0	0.0	1.0	1.0	HG006	giabHC_x_clinvar_genes	-1	-2	ont	deep19
O3_HG006_sup-PAY77227_0-ont-deep19-All	All	O3_HG006_sup-PAY77227_0	336562667.0	336135353.0	3964.0	423350.0	2129.0	0.9928552415416168	0.9907234492668155	0.9999936662820601	0.005003772219075442	0.9949962277809246	0.9949962277809246	HG006	giabHC_x_clinvar_genes	-1	-2	ont	deep19
O3_HG006_sup-PAY77227_0-ont-deep19-SNPts	SNPts	O3_HG006_sup-PAY77227_0	377862616.0	377594667.0	395.0	267554.0	45664.0	0.920747392745975	0.9985258388723227	0.9998790807118533	0.14578983327905803	0.854210166720942	0.854210166720942	HG006	clinvar_genes	-1	-2	ont	deep19
O3_HG006_sup-PAY77227_0-ont-deep19-SNPtv	SNPtv	O3_HG006_sup-PAY77227_0	377862616.0	377741129.0	258.0	121229.0	28313.0	0.894583236480229	0.9978763159844263	0.9999250521697834	0.18933142528520416	0.8106685747147958	0.8106685747147958	HG006	clinvar_genes	-1	-2	ont	deep19
O3_HG006_sup-PAY77227_0-ont-deep19-INS_50	INS_50	O3_HG006_sup-PAY77227_0	377862616.0	377837624.0	2102.0	22890.0	12622.0	0.7566441888139626	0.915893085787452	0.9999665952314876	0.3554291507096193	0.6445708492903808	0.6445708492903807	HG006	clinvar_genes	-1	-2	ont	deep19
O3_HG006_sup-PAY77227_0-ont-deep19-INS_gt50	INS_gt50	O3_HG006_sup-PAY77227_0	377862616.0	377862606.0	3.0	7.0	665.0	0.020527859237536656	0.7	0.9999982401041566	0.9895833333333334	0.01041666666666663	0.010416666666666666	HG006	clinvar_genes	-1	-2	ont	deep19
O3_HG006_sup-PAY77227_0-ont-deep19-DEL_50	DEL_50	O3_HG006_sup-PAY77227_0	377862616.0	377837520.0	1818.0	23278.0	14530.0	0.7401119165712833	0.9275581766018489	0.9999615457955038	0.38431019889970375	0.6156898011002963	0.6156898011002963	HG006	clinvar_genes	-1	-2	ont	deep19
O3_HG006_sup-PAY77227_0-ont-deep19-DEL_gt50	DEL_gt50	O3_HG006_sup-PAY77227_0	377862616.0	377862610.0	5.0	1.0	283.0	0.006896551724137932	0.16666666666666666	0.9999992510510949	0.9964788732394366	0.0035211267605633756	0.0035211267605633804	HG006	clinvar_genes	-1	-2	ont	deep19
O3_HG006_sup-PAY77227_0-ont-deep19-Indel_50	Indel_50	O3_HG006_sup-PAY77227_0	377862616.0	377859254.0	227.0	3135.0	7326.0	0.45359183968747746	0.9324806662700773	0.9999806122044452	0.7003154574132492	0.2996845425867508	0.2996845425867508	HG006	clinvar_genes	-1	-2	ont	deep19
O3_HG006_sup-PAY77227_0-ont-deep19-Indel_gt50	Indel_gt50	O3_HG006_sup-PAY77227_0	377862616.0	377862488.0	3.0	125.0	464.0	0.34867503486750345	0.9765625	0.9999987720415628	0.7877758913412564	0.21222410865874364	0.21222410865874364	HG006	clinvar_genes	-1	-2	ont	deep19
O3_HG006_sup-PAY77227_0-ont-deep19-All	All	O3_HG006_sup-PAY77227_0	377862616.0	377419586.0	4811.0	438219.0	109867.0	0.8842940685045949	0.9891406902467101	0.9997089842947962	0.20045576789044056	0.7995442321095594	0.7995442321095595	HG006	clinvar_genes	-1	-2	ont	deep19
O3_HG006_sup-PAY77227_0-ont-deep19-SNPts	SNPts	O3_HG006_sup-PAY77227_0	2799325643.0	2797104192.0	904.0	2220547.0	190374.0	0.9587084111552354	0.9995930587710465	0.9999319435277522	0.07896318460870348	0.9210368153912966	0.9210368153912966	HG006	ultima	-1	-2	ont	deep19
O3_HG006_sup-PAY77227_0-ont-deep19-SNPtv	SNPtv	O3_HG006_sup-PAY77227_0	2799325643.0	2798283803.0	573.0	1041267.0	119729.0	0.9453876729815565	0.9994500115180834	0.9999572152483975	0.10312610896161571	0.8968738910383843	0.8968738910383843	HG006	ultima	-1	-2	ont	deep19
O3_HG006_sup-PAY77227_0-ont-deep19-INS_50	INS_50	O3_HG006_sup-PAY77227_0	2799325643.0	2799171169.0	1696.0	152778.0	32663.0	0.8989188473588986	0.9890208060903453	0.9999883313249194	0.176136884507741	0.823863115492259	0.823863115492259	HG006	ultima	-1	-2	ont	deep19
O3_HG006_sup-PAY77227_0-ont-deep19-INS_gt50	INS_gt50	O3_HG006_sup-PAY77227_0	2799325643.0	2799325623.0	9.0	11.0	1228.0	0.01747418586179508	0.55	0.999999561323109	0.9911218724778047	0.0088781275221953	0.00887812752219532	HG006	ultima	-1	-2	ont	deep19
O3_HG006_sup-PAY77227_0-ont-deep19-DEL_50	DEL_50	O3_HG006_sup-PAY77227_0	2799325643.0	2799165048.0	1837.0	158758.0	42176.0	0.8782587288986499	0.9885612877113236	0.999984932876838	0.20989976808305214	0.7901002319169479	0.7901002319169479	HG006	ultima	-1	-2	ont	deep19
O3_HG006_sup-PAY77227_0-ont-deep19-DEL_gt50	DEL_gt50	O3_HG006_sup-PAY77227_0	2799325643.0	2799325618.0	24.0	1.0	935.0	0.002081165452653486	0.04	0.9999996659910938	0.9989316239316239	0.0010683760683760646	0.0010683760683760685	HG006	ultima	-1	-2	ont	deep19
O3_HG006_sup-PAY77227_0-ont-deep19-Indel_50	Indel_50	O3_HG006_sup-PAY77227_0	2799325643.0	2799310203.0	54.0	15386.0	5987.0	0.8359003612854156	0.9965025906735752	0.9999978612633966	0.2801197772891031	0.7198802227108969	0.7198802227108969	HG006	ultima	-1	-2	ont	deep19
O3_HG006_sup-PAY77227_0-ont-deep19-Indel_gt50	Indel_gt50	O3_HG006_sup-PAY77227_0	2799325643.0	2799324811.0	11.0	821.0	802.0	0.6688391038696538	0.9867788461538461	0.9999997135024249	0.4941466420209489	0.5058533579790512	0.5058533579790512	HG006	ultima	-1	-2	ont	deep19
O3_HG006_sup-PAY77227_0-ont-deep19-All	All	O3_HG006_sup-PAY77227_0	2799325643.0	2795730966.0	5108.0	3589569.0	393894.0	0.9473482939085317	0.9985790100195372	0.9998591286084413	0.09888230416599827	0.9011176958340017	0.9011176958340017	HG006	ultima	-1	-2	ont	deep19
O3_HG006_sup-PAY77227_0-ont-deep19-SNPts	SNPts	O3_HG006_sup-PAY77227_0	2497573920.0	2495405981.0	619.0	2167320.0	1840.0	0.9994330311574626	0.999714475361161	0.9999992626455746	0.0008482546239097162	0.9991517453760903	0.9991517453760903	HG006	giabHC_x_ultima	-1	-2	ont	deep19
O3_HG006_sup-PAY77227_0-ont-deep19-SNPtv	SNPtv	O3_HG006_sup-PAY77227_0	2497573920.0	2496557038.0	412.0	1016470.0	998.0	0.9993069039250867	0.9995948399125956	0.9999996002496294	0.0009808662287167753	0.9990191337712833	0.9990191337712833	HG006	giabHC_x_ultima	-1	-2	ont	deep19
O3_HG006_sup-PAY77227_0-ont-deep19-INS_50	INS_50	O3_HG006_sup-PAY77227_0	2497573920.0	2497428735.0	1211.0	143974.0	330.0	0.9946768270987844	0.9916589179322933	0.9999998678641149	0.002286838895664708	0.9977131611043353	0.9977131611043353	HG006	giabHC_x_ultima	-1	-2	ont	deep19
O3_HG006_sup-PAY77227_0-ont-deep19-INS_gt50	INS_gt50	O3_HG006_sup-PAY77227_0	2497573920.0	2497573916.0	0.0	4.0	0.0	1.0	1.0	1.0	0.0	1.0	1.0	HG006	giabHC_x_ultima	-1	-2	ont	deep19
O3_HG006_sup-PAY77227_0-ont-deep19-DEL_50	DEL_50	O3_HG006_sup-PAY77227_0	2497573920.0	2497422878.0	1134.0	149908.0	305.0	0.9952233157955884	0.9924921545000728	0.9999998778741216	0.00203045009419957	0.9979695499058004	0.9979695499058004	HG006	giabHC_x_ultima	-1	-2	ont	deep19
O3_HG006_sup-PAY77227_0-ont-deep19-DEL_gt50	DEL_gt50	O3_HG006_sup-PAY77227_0	2497573920.0	2497573919.0	0.0	1.0	0.0	1.0	1.0	1.0	0.0	1.0	1.0	HG006	giabHC_x_ultima	-1	-2	ont	deep19
O3_HG006_sup-PAY77227_0-ont-deep19-Indel_50	Indel_50	O3_HG006_sup-PAY77227_0	2497573920.0	2497561501.0	40.0	12379.0	158.0	0.9920660362237538	0.9967791287543281	0.9999999367382986	0.012602696019781447	0.9873973039802185	0.9873973039802185	HG006	giabHC_x_ultima	-1	-2	ont	deep19
O3_HG006_sup-PAY77227_0-ont-deep19-Indel_gt50	Indel_gt50	O3_HG006_sup-PAY77227_0	2497573920.0	2497573607.0	0.0	313.0	3.0	0.9952305246422893	1.0	0.9999999987988342	0.00949367088607595	0.990506329113924	0.990506329113924	HG006	giabHC_x_ultima	-1	-2	ont	deep19
O3_HG006_sup-PAY77227_0-ont-deep19-All	All	O3_HG006_sup-PAY77227_0	2497573920.0	2494080135.0	3416.0	3490369.0	3634.0	0.9989910970395782	0.9990222638198973	0.9999985429519067	0.0010400677961638842	0.9989599322038362	0.9989599322038362	HG006	giabHC_x_ultima	-1	-2	ont	deep19
O3_HG006_sup-PAY77227_0-ont-deep19-SNPts	SNPts	O3_HG006_sup-PAY77227_0	331588110.0	331336492.0	100.0	251518.0	415.0	0.998977263474802	0.9996025721530256	0.9999987474984185	0.0016472633597027781	0.9983527366402972	0.9983527366402972	HG006	giabHC_x_ultima_x_clinvar	-1	-2	ont	deep19
O3_HG006_sup-PAY77227_0-ont-deep19-SNPtv	SNPtv	O3_HG006_sup-PAY77227_0	331588110.0	331475828.0	53.0	112229.0	212.0	0.9988207704596326	0.9995279742077983	0.9999993604364286	0.0018854332494374828	0.9981145667505625	0.9981145667505625	HG006	giabHC_x_ultima_x_clinvar	-1	-2	ont	deep19
O3_HG006_sup-PAY77227_0-ont-deep19-INS_50	INS_50	O3_HG006_sup-PAY77227_0	331588110.0	331571600.0	144.0	16366.0	46.0	0.9942287831844966	0.9912780133252574	0.9999998612667864	0.0028028271996100415	0.99719717280039	0.99719717280039	HG006	giabHC_x_ultima_x_clinvar	-1	-2	ont	deep19
O3_HG006_sup-PAY77227_0-ont-deep19-INS_gt50	INS_gt50	O3_HG006_sup-PAY77227_0	331588110.0	331588109.0	0.0	1.0	0.0	1.0	1.0	1.0	0.0	1.0	1.0	HG006	giabHC_x_ultima_x_clinvar	-1	-2	ont	deep19
O3_HG006_sup-PAY77227_0-ont-deep19-DEL_50	DEL_50	O3_HG006_sup-PAY77227_0	331588110.0	331570528.0	120.0	17462.0	50.0	0.9951558670997891	0.9931748379024001	0.9999998492025429	0.002855185015989036	0.997144814984011	0.997144814984011	HG006	giabHC_x_ultima_x_clinvar	-1	-2	ont	deep19
O3_HG006_sup-PAY77227_0-ont-deep19-DEL_gt50	DEL_gt50	O3_HG006_sup-PAY77227_0	331588110.0	331588110.0	0.0	0.0	0.0			1.0				HG006	giabHC_x_ultima_x_clinvar	-1	-2	ont	deep19
O3_HG006_sup-PAY77227_0-ont-deep19-Indel_50	Indel_50	O3_HG006_sup-PAY77227_0	331588110.0	331587014.0	6.0	1090.0	13.0	0.9913597089586176	0.9945255474452555	0.9999999607946061	0.011786038077969175	0.9882139619220308	0.9882139619220308	HG006	giabHC_x_ultima_x_clinvar	-1	-2	ont	deep19
O3_HG006_sup-PAY77227_0-ont-deep19-Indel_gt50	Indel_gt50	O3_HG006_sup-PAY77227_0	331588110.0	331588085.0	0.0	25.0	0.0	1.0	1.0	1.0	0.0	1.0	1.0	HG006	giabHC_x_ultima_x_clinvar	-1	-2	ont	deep19
O3_HG006_sup-PAY77227_0-ont-deep19-All	All	O3_HG006_sup-PAY77227_0	331588110.0	331188996.0	423.0	398691.0	736.0	0.998548603014748	0.9989401524376494	0.9999977777088814	0.001842639581200069	0.9981573604187999	0.9981573604187999	HG006	giabHC_x_ultima_x_clinvar	-1	-2	ont	deep19
O3_HG006_sup-PAY77227_0-ont-deep19-SNPts	SNPts	O3_HG006_sup-PAY77227_0	3088286401.0	3086001558.0	2485.0	2282358.0	457964.0	0.9083713669103402	0.998912397919682	0.999851621575875	0.16712050627626973	0.8328794937237303	0.8328794937237303	HG006	hg38	-1	-2	ont	deep19
O3_HG006_sup-PAY77227_0-ont-deep19-SNPtv	SNPtv	O3_HG006_sup-PAY77227_0	3088286401.0	3087202934.0	1834.0	1081633.0	382317.0	0.8491997972848576	0.9983072857779701	0.9998761760505638	0.26115441101130504	0.7388455889886949	0.738845588988695	HG006	hg38	-1	-2	ont	deep19
O3_HG006_sup-PAY77227_0-ont-deep19-INS_50	INS_50	O3_HG006_sup-PAY77227_0	3088286401.0	3088069665.0	17672.0	199064.0	117233.0	0.7469106040338966	0.9184630149121512	0.9999620382431919	0.37064214962519404	0.629357850374806	0.629357850374806	HG006	hg38	-1	-2	ont	deep19
O3_HG006_sup-PAY77227_0-ont-deep19-INS_gt50	INS_gt50	O3_HG006_sup-PAY77227_0	3088286401.0	3088286359.0	19.0	23.0	5677.0	0.008011145942180425	0.5476190476190477	0.9999981617671082	0.9959649122807017	0.00403508771929828	0.004035087719298246	HG006	hg38	-1	-2	ont	deep19
O3_HG006_sup-PAY77227_0-ont-deep19-DEL_50	DEL_50	O3_HG006_sup-PAY77227_0	3088286401.0	3088068876.0	15897.0	201628.0	135930.0	0.7264787428186416	0.9269187449718423	0.9999559841368889	0.4026863531600495	0.5973136468399505	0.5973136468399505	HG006	hg38	-1	-2	ont	deep19
O3_HG006_sup-PAY77227_0-ont-deep19-DEL_gt50	DEL_gt50	O3_HG006_sup-PAY77227_0	3088286401.0	3088286361.0	36.0	4.0	2178.0	0.0036003600360036	0.1	0.9999992947550164	0.998166819431714	0.0018331805682859637	0.0018331805682859762	HG006	hg38	-1	-2	ont	deep19
O3_HG006_sup-PAY77227_0-ont-deep19-Indel_50	Indel_50	O3_HG006_sup-PAY77227_0	3088286401.0	3088252016.0	2070.0	32315.0	69976.0	0.47287014545348127	0.939799331103679	0.9999773417408608	0.6840875541347724	0.3159124458652276	0.31591244586522765	HG006	hg38	-1	-2	ont	deep19
O3_HG006_sup-PAY77227_0-ont-deep19-Indel_gt50	Indel_gt50	O3_HG006_sup-PAY77227_0	3088286401.0	3088285049.0	30.0	1322.0	4397.0	0.3739216518172818	0.977810650887574	0.9999985762344894	0.7688407064172058	0.2311592935827942	0.2311592935827942	HG006	hg38	-1	-2	ont	deep19
O3_HG006_sup-PAY77227_0-ont-deep19-All	All	O3_HG006_sup-PAY77227_0	3088286401.0	3084448011.0	40043.0	3798347.0	1175672.0	0.8620451002671348	0.9895677614833303	0.9996189839977968	0.23636258727600357	0.7636374127239964	0.7636374127239964	HG006	hg38	-1	-2	ont	deep19
O3_HG006_sup-PAY77227_0-ont-deep19-SNPts	SNPts	O3_HG006_sup-PAY77227_0	2518942743.0	2516724514.0	1612.0	2216617.0	2468.0	0.9990805248400271	0.9992732941459155	0.9999990193612507	0.0011121701061473535	0.9988878298938526	0.9988878298938526	HG006	giabHC	-1	-2	ont	deep19
O3_HG006_sup-PAY77227_0-ont-deep19-SNPtv	SNPtv	O3_HG006_sup-PAY77227_0	2518942743.0	2517892100.0	1112.0	1049531.0	1481.0	0.9987662104389159	0.9989416005246311	0.9999994118099307	0.0014091180690610574	0.9985908819309389	0.9985908819309389	HG006	giabHC	-1	-2	ont	deep19
O3_HG006_sup-PAY77227_0-ont-deep19-INS_50	INS_50	O3_HG006_sup-PAY77227_0	2518942743.0	2518743939.0	15215.0	183589.0	4324.0	0.9494746804510792	0.9234673346612744	0.9999982832742503	0.02301064854480531	0.9769893514551947	0.9769893514551947	HG006	giabHC	-1	-2	ont	deep19
O3_HG006_sup-PAY77227_0-ont-deep19-INS_gt50	INS_gt50	O3_HG006_sup-PAY77227_0	2518942743.0	2518942733.0	0.0	10.0	1.0	0.9523809523809523	1.0	0.999999999603008	0.09090909090909091	0.9090909090909091	0.9090909090909091	HG006	giabHC	-1	-2	ont	deep19
O3_HG006_sup-PAY77227_0-ont-deep19-DEL_50	DEL_50	O3_HG006_sup-PAY77227_0	2518942743.0	2518742016.0	13414.0	187313.0	4297.0	0.9548576861218799	0.9331729164487089	0.9999982939925399	0.022425760659673295	0.9775742393403267	0.9775742393403267	HG006	giabHC	-1	-2	ont	deep19
O3_HG006_sup-PAY77227_0-ont-deep19-DEL_gt50	DEL_gt50	O3_HG006_sup-PAY77227_0	2518942743.0	2518942742.0	0.0	1.0	0.0	1.0	1.0	1.0	0.0	1.0	1.0	HG006	giabHC	-1	-2	ont	deep19
O3_HG006_sup-PAY77227_0-ont-deep19-Indel_50	Indel_50	O3_HG006_sup-PAY77227_0	2518942743.0	2518914513.0	1694.0	26536.0	2608.0	0.9250183009725659	0.9399929153382925	0.9999989646344541	0.08948668679659622	0.9105133132034038	0.9105133132034038	HG006	giabHC	-1	-2	ont	deep19
O3_HG006_sup-PAY77227_0-ont-deep19-Indel_gt50	Indel_gt50	O3_HG006_sup-PAY77227_0	2518942743.0	2518942342.0	0.0	401.0	3.0	0.9962732919254659	1.0	0.9999999988090239	0.007425742574257425	0.9925742574257426	0.9925742574257426	HG006	giabHC	-1	-2	ont	deep19
O3_HG006_sup-PAY77227_0-ont-deep19-All	All	O3_HG006_sup-PAY77227_0	2518942743.0	2515245698.0	33047.0	3663998.0	15182.0	0.9934615606221341	0.991061239449344	0.9999939640455904	0.004126462961855631	0.9958735370381444	0.9958735370381444	HG006	giabHC	-1	-2	ont	deep19
O3_HG006_sup-PAY77227_0-ont-sentdont-SNPts	SNPts	O3_HG006_sup-PAY77227_0	2497573920.0	2495406151.0	2416.0	2165353.0	1823.0	0.9990221329221016	0.998885490105265	0.9999992694581331	0.0008411868717630686	0.999158813128237	0.999158813128237	HG006	giabHC_x_ultima	-1	-2	ont	sentdont
O3_HG006_sup-PAY77227_0-ont-sentdont-SNPtv	SNPtv	O3_HG006_sup-PAY77227_0	2497573920.0	2496557192.0	1336.0	1015392.0	991.0	0.9988554486203656	0.9986859809113156	0.9999996030535131	0.0009750261466396034	0.9990249738533604	0.9990249738533604	HG006	giabHC_x_ultima	-1	-2	ont	sentdont
O3_HG006_sup-PAY77227_0-ont-sentdont-INS_50	INS_50	O3_HG006_sup-PAY77227_0	2497573920.0	2497430365.0	3761.0	139794.0	903.0	0.9835920239787231	0.9738009822019436	0.9999996384284878	0.006418047293119256	0.9935819527068808	0.9935819527068808	HG006	giabHC_x_ultima	-1	-2	ont	sentdont
O3_HG006_sup-PAY77227_0-ont-sentdont-INS_gt50	INS_gt50	O3_HG006_sup-PAY77227_0	2497573920.0	2497573916.0	0.0	4.0	2.0	0.8	1.0	0.9999999991992229	0.3333333333333333	0.6666666666666667	0.6666666666666666	HG006	giabHC_x_ultima	-1	-2	ont	sentdont
O3_HG006_sup-PAY77227_0-ont-sentdont-DEL_50	DEL_50	O3_HG006_sup-PAY77227_0	2497573920.0	2497424392.0	3984.0	145544.0	1202.0	0.9824959328189445	0.9733561607190626	0.9999995187043799	0.008191023946138225	0.9918089760538618	0.9918089760538618	HG006	giabHC_x_ultima	-1	-2	ont	sentdont
O3_HG006_sup-PAY77227_0-ont-sentdont-DEL_gt50	DEL_gt50	O3_HG006_sup-PAY77227_0	2497573920.0	2497573919.0	0.0	1.0	0.0	1.0	1.0	1.0	0.0	1.0	1.0	HG006	giabHC_x_ultima	-1	-2	ont	sentdont
O3_HG006_sup-PAY77227_0-ont-sentdont-Indel_50	Indel_50	O3_HG006_sup-PAY77227_0	2497573920.0	2497558108.0	341.0	15471.0	218.0	0.9822545316021712	0.9784341006830255	0.9999999127147512	0.013895085728854612	0.9861049142711454	0.9861049142711454	HG006	giabHC_x_ultima	-1	-2	ont	sentdont
O3_HG006_sup-PAY77227_0-ont-sentdont-Indel_gt50	Indel_gt50	O3_HG006_sup-PAY77227_0	2497573920.0	2497573632.0	12.0	276.0	0.0	0.9787234042553191	0.9583333333333334	1.0	0.0	1.0	1.0	HG006	giabHC_x_ultima	-1	-2	ont	sentdont
O3_HG006_sup-PAY77227_0-ont-sentdont-All	All	O3_HG006_sup-PAY77227_0	2497573920.0	2494080235.0	11850.0	3481835.0	5139.0	0.9975662756195368	0.9966081658764313	0.999997939525225	0.0014737706676333118	0.9985262293323667	0.9985262293323667	HG006	giabHC_x_ultima	-1	-2	ont	sentdont
O3_HG006_sup-PAY77227_0-ont-sentdont-SNPts	SNPts	O3_HG006_sup-PAY77227_0	2799325643.0	2797104533.0	2868.0	2218242.0	188609.0	0.9586260558375493	0.9987087537312425	0.999932574460228	0.0783633885105476	0.9216366114894524	0.9216366114894524	HG006	ultima	-1	-2	ont	sentdont
O3_HG006_sup-PAY77227_0-ont-sentdont-SNPtv	SNPtv	O3_HG006_sup-PAY77227_0	2799325643.0	2798284080.0	1556.0	1040007.0	121527.0	0.9441318289662235	0.9985060913262088	0.9999565727714038	0.10462629591557372	0.8953737040844263	0.8953737040844263	HG006	ultima	-1	-2	ont	sentdont
O3_HG006_sup-PAY77227_0-ont-sentdont-INS_50	INS_50	O3_HG006_sup-PAY77227_0	2799325643.0	2799172860.0	4024.0	148759.0	36727.0	0.8795307876275982	0.9736619911901193	0.999986879510498	0.19800416203918356	0.8019958379608164	0.8019958379608164	HG006	ultima	-1	-2	ont	sentdont
O3_HG006_sup-PAY77227_0-ont-sentdont-INS_gt50	INS_gt50	O3_HG006_sup-PAY77227_0	2799325643.0	2799325623.0	11.0	9.0	475.0	0.03571428571428572	0.45	0.9999998303163035	0.981404958677686	0.018595041322314043	0.01859504132231405	HG006	ultima	-1	-2	ont	sentdont
O3_HG006_sup-PAY77227_0-ont-sentdont-DEL_50	DEL_50	O3_HG006_sup-PAY77227_0	2799325643.0	2799166552.0	4413.0	154678.0	48340.0	0.8543173464343609	0.9722611587079093	0.9999827308720962	0.2381069658847984	0.7618930341152016	0.7618930341152016	HG006	ultima	-1	-2	ont	sentdont
O3_HG006_sup-PAY77227_0-ont-sentdont-DEL_gt50	DEL_gt50	O3_HG006_sup-PAY77227_0	2799325643.0	2799325618.0	24.0	1.0	227.0	0.007905138339920948	0.04	0.9999999189090472	0.9956140350877193	0.004385964912280715	0.0043859649122807015	HG006	ultima	-1	-2	ont	sentdont
O3_HG006_sup-PAY77227_0-ont-sentdont-Indel_50	Indel_50	O3_HG006_sup-PAY77227_0	2799325643.0	2799306433.0	458.0	18752.0	8598.0	0.8054982817869416	0.9761582509109838	0.9999969285343362	0.3143692870201097	0.6856307129798903	0.6856307129798903	HG006	ultima	-1	-2	ont	sentdont
O3_HG006_sup-PAY77227_0-ont-sentdont-Indel_gt50	Indel_gt50	O3_HG006_sup-PAY77227_0	2799325643.0	2799324886.0	48.0	709.0	479.0	0.7290488431876605	0.9365918097754293	0.9999998288873434	0.4031986531986532	0.5968013468013468	0.5968013468013468	HG006	ultima	-1	-2	ont	sentdont
O3_HG006_sup-PAY77227_0-ont-sentdont-All	All	O3_HG006_sup-PAY77227_0	2799325643.0	2795731084.0	13402.0	3581157.0	404982.0	0.9448093038398311	0.9962715871404532	0.9998551637007496	0.10159756094807532	0.8984024390519247	0.8984024390519246	HG006	ultima	-1	-2	ont	sentdont
O3_HG006_sup-PAY77227_0-ont-sentdont-SNPts	SNPts	O3_HG006_sup-PAY77227_0	331588110.0	331336502.0	324.0	251284.0	290.0	0.9987797655719005	0.9987122825983276	0.9999991247576273	0.0011527423342634771	0.9988472576657366	0.9988472576657366	HG006	giabHC_x_ultima_x_clinvar	-1	-2	ont	sentdont
O3_HG006_sup-PAY77227_0-ont-sentdont-SNPtv	SNPtv	O3_HG006_sup-PAY77227_0	331588110.0	331475846.0	162.0	112102.0	160.0	0.9985658676500717	0.9985569728497113	0.9999995173104625	0.0014252373911029556	0.998574762608897	0.998574762608897	HG006	giabHC_x_ultima_x_clinvar	-1	-2	ont	sentdont
O3_HG006_sup-PAY77227_0-ont-sentdont-INS_50	INS_50	O3_HG006_sup-PAY77227_0	331588110.0	331571741.0	431.0	15938.0	93.0	0.9838271604938271	0.9736697415847028	0.9999997195177923	0.005801260058636392	0.9941987399413637	0.9941987399413637	HG006	giabHC_x_ultima_x_clinvar	-1	-2	ont	sentdont
O3_HG006_sup-PAY77227_0-ont-sentdont-INS_gt50	INS_gt50	O3_HG006_sup-PAY77227_0	331588110.0	331588109.0	0.0	1.0	0.0	1.0	1.0	1.0	0.0	1.0	1.0	HG006	giabHC_x_ultima_x_clinvar	-1	-2	ont	sentdont
O3_HG006_sup-PAY77227_0-ont-sentdont-DEL_50	DEL_50	O3_HG006_sup-PAY77227_0	331588110.0	331570693.0	446.0	16971.0	145.0	0.9828859351924246	0.9743928345868978	0.9999995626877174	0.008471605515307314	0.9915283944846927	0.9915283944846927	HG006	giabHC_x_ultima_x_clinvar	-1	-2	ont	sentdont
O3_HG006_sup-PAY77227_0-ont-sentdont-DEL_gt50	DEL_gt50	O3_HG006_sup-PAY77227_0	331588110.0	331588110.0	0.0	0.0	0.0			1.0				HG006	giabHC_x_ultima_x_clinvar	-1	-2	ont	sentdont
O3_HG006_sup-PAY77227_0-ont-sentdont-Indel_50	Indel_50	O3_HG006_sup-PAY77227_0	331588110.0	331586679.0	40.0	1391.0	30.0	0.9754558204768584	0.9720475192173306	0.9999999095259273	0.0211118930330753	0.9788881069669247	0.9788881069669247	HG006	giabHC_x_ultima_x_clinvar	-1	-2	ont	sentdont
O3_HG006_sup-PAY77227_0-ont-sentdont-Indel_gt50	Indel_gt50	O3_HG006_sup-PAY77227_0	331588110.0	331588088.0	1.0	21.0	0.0	0.9767441860465117	0.9545454545454546	1.0	0.0	1.0	1.0	HG006	giabHC_x_ultima_x_clinvar	-1	-2	ont	sentdont
O3_HG006_sup-PAY77227_0-ont-sentdont-All	All	O3_HG006_sup-PAY77227_0	331588110.0	331188998.0	1404.0	397708.0	718.0	0.9973393117318547	0.9964821904628275	0.9999978320582877	0.0018020912289860602	0.9981979087710139	0.9981979087710139	HG006	giabHC_x_ultima_x_clinvar	-1	-2	ont	sentdont
O3_HG006_sup-PAY77227_0-ont-sentdont-SNPts	SNPts	O3_HG006_sup-PAY77227_0	336562667.0	336302207.0	587.0	259873.0	420.0	0.9980662617402108	0.9977462950165092	0.9999987511248314	0.0016135662503409618	0.9983864337496591	0.9983864337496591	HG006	giabHC_x_clinvar_genes	-1	-2	ont	sentdont
O3_HG006_sup-PAY77227_0-ont-sentdont-SNPtv	SNPtv	O3_HG006_sup-PAY77227_0	336562667.0	336444959.0	384.0	117324.0	224.0	0.9974155813241745	0.9967376898766439	0.9999993342154642	0.0019056045190050021	0.998094395480995	0.998094395480995	HG006	giabHC_x_clinvar_genes	-1	-2	ont	sentdont
O3_HG006_sup-PAY77227_0-ont-sentdont-INS_50	INS_50	O3_HG006_sup-PAY77227_0	336562667.0	336539605.0	3822.0	19240.0	345.0	0.9022908997115859	0.8342728297632469	0.9999989748616769	0.017615522083226958	0.9823844779167731	0.9823844779167731	HG006	giabHC_x_clinvar_genes	-1	-2	ont	sentdont
O3_HG006_sup-PAY77227_0-ont-sentdont-INS_gt50	INS_gt50	O3_HG006_sup-PAY77227_0	336562667.0	336562664.0	1.0	2.0	1.0	0.6666666666666666	0.6666666666666666	0.9999999970287852	0.3333333333333333	0.6666666666666667	0.6666666666666666	HG006	giabHC_x_clinvar_genes	-1	-2	ont	sentdont
O3_HG006_sup-PAY77227_0-ont-sentdont-DEL_50	DEL_50	O3_HG006_sup-PAY77227_0	336562667.0	336539672.0	3210.0	19785.0	1154.0	0.9006691855965767	0.8604044357469015	0.9999965709955202	0.05511246955441998	0.94488753044558	0.94488753044558	HG006	giabHC_x_clinvar_genes	-1	-2	ont	sentdont
O3_HG006_sup-PAY77227_0-ont-sentdont-DEL_gt50	DEL_gt50	O3_HG006_sup-PAY77227_0	336562667.0	336562667.0	0.0	0.0	0.0			1.0				HG006	giabHC_x_clinvar_genes	-1	-2	ont	sentdont
O3_HG006_sup-PAY77227_0-ont-sentdont-Indel_50	Indel_50	O3_HG006_sup-PAY77227_0	336562667.0	336559631.0	451.0	2585.0	303.0	0.8727211343686697	0.8514492753623188	0.9999990997145846	0.1049168975069252	0.8950831024930748	0.8950831024930748	HG006	giabHC_x_clinvar_genes	-1	-2	ont	sentdont
O3_HG006_sup-PAY77227_0-ont-sentdont-Indel_gt50	Indel_gt50	O3_HG006_sup-PAY77227_0	336562667.0	336562636.0	1.0	30.0	0.0	0.9836065573770492	0.967741935483871	1.0	0.0	1.0	1.0	HG006	giabHC_x_clinvar_genes	-1	-2	ont	sentdont
O3_HG006_sup-PAY77227_0-ont-sentdont-All	All	O3_HG006_sup-PAY77227_0	336562667.0	336135372.0	8456.0	418839.0	2447.0	0.9871514917255984	0.9802103932880094	0.9999927202478814	0.005808405691145682	0.9941915943088543	0.9941915943088543	HG006	giabHC_x_clinvar_genes	-1	-2	ont	sentdont
O3_HG006_sup-PAY77227_0-ont-sentdont-SNPts	SNPts	O3_HG006_sup-PAY77227_0	2518942743.0	2516724804.0	3913.0	2214026.0	2473.0	0.9985599077042007	0.9982357494953649	0.9999990173746585	0.0011157234900624814	0.9988842765099375	0.9988842765099375	HG006	giabHC	-1	-2	ont	sentdont
O3_HG006_sup-PAY77227_0-ont-sentdont-SNPtv	SNPtv	O3_HG006_sup-PAY77227_0	2518942743.0	2517892370.0	2609.0	1047764.0	1436.0	0.9980734177854258	0.9975161204638733	0.9999994296820635	0.0013686618375905453	0.9986313381624095	0.9986313381624095	HG006	giabHC	-1	-2	ont	sentdont
O3_HG006_sup-PAY77227_0-ont-sentdont-INS_50	INS_50	O3_HG006_sup-PAY77227_0	2518942743.0	2518744098.0	33218.0	165427.0	3578.0	0.8999156806745545	0.8327770646127514	0.9999985794527836	0.021170971273039258	0.9788290287269608	0.9788290287269608	HG006	giabHC	-1	-2	ont	sentdont
O3_HG006_sup-PAY77227_0-ont-sentdont-INS_gt50	INS_gt50	O3_HG006_sup-PAY77227_0	2518942743.0	2518942733.0	3.0	7.0	4.0	0.6666666666666666	0.7	0.9999999984120321	0.36363636363636365	0.6363636363636364	0.6363636363636364	HG006	giabHC	-1	-2	ont	sentdont
O3_HG006_sup-PAY77227_0-ont-sentdont-DEL_50	DEL_50	O3_HG006_sup-PAY77227_0	2518942743.0	2518744486.0	28518.0	169739.0	9853.0	0.8984488512606889	0.8561564030526034	0.9999960881456967	0.05486324557886765	0.9451367544211323	0.9451367544211323	HG006	giabHC	-1	-2	ont	sentdont
O3_HG006_sup-PAY77227_0-ont-sentdont-DEL_gt50	DEL_gt50	O3_HG006_sup-PAY77227_0	2518942743.0	2518942742.0	0.0	1.0	0.0	1.0	1.0	1.0	0.0	1.0	1.0	HG006	giabHC	-1	-2	ont	sentdont
O3_HG006_sup-PAY77227_0-ont-sentdont-Indel_50	Indel_50	O3_HG006_sup-PAY77227_0	2518942743.0	2518911480.0	4560.0	26703.0	2672.0	0.8807348527326099	0.8541406774781691	0.9999989392254603	0.09096170212765957	0.9090382978723405	0.9090382978723405	HG006	giabHC	-1	-2	ont	sentdont
O3_HG006_sup-PAY77227_0-ont-sentdont-Indel_gt50	Indel_gt50	O3_HG006_sup-PAY77227_0	2518942743.0	2518942371.0	14.0	358.0	0.0	0.9808219178082191	0.9623655913978495	1.0	0.0	1.0	1.0	HG006	giabHC	-1	-2	ont	sentdont
O3_HG006_sup-PAY77227_0-ont-sentdont-All	All	O3_HG006_sup-PAY77227_0	2518942743.0	2515245883.0	72835.0	3624025.0	20016.0	0.9873515526227639	0.9802981449121687	0.9999920421932298	0.005492803181962003	0.994507196818038	0.994507196818038	HG006	giabHC	-1	-2	ont	sentdont
O3_HG006_sup-PAY77227_0-ont-sentdont-SNPts	SNPts	O3_HG006_sup-PAY77227_0	3088286401.0	3086002298.0	5128.0	2278975.0	542079.0	0.8928128948825669	0.9977549173570543	0.999824373495473	0.1921547761935787	0.8078452238064213	0.8078452238064213	HG006	hg38	-1	-2	ont	sentdont
O3_HG006_sup-PAY77227_0-ont-sentdont-SNPtv	SNPtv	O3_HG006_sup-PAY77227_0	3088286401.0	3087203534.0	3302.0	1079565.0	503628.0	0.8098579926933377	0.9969506873882019	0.9998368925634535	0.31810903661145545	0.6818909633885446	0.6818909633885445	HG006	hg38	-1	-2	ont	sentdont
O3_HG006_sup-PAY77227_0-ont-sentdont-INS_50	INS_50	O3_HG006_sup-PAY77227_0	3088286401.0	3088069646.0	35639.0	181116.0	139210.0	0.6744457539924146	0.8355793407303176	0.9999549220902824	0.43458851295242973	0.5654114870475703	0.5654114870475703	HG006	hg38	-1	-2	ont	sentdont
O3_HG006_sup-PAY77227_0-ont-sentdont-INS_gt50	INS_gt50	O3_HG006_sup-PAY77227_0	3088286401.0	3088286359.0	27.0	15.0	2543.0	0.011538461538461537	0.35714285714285715	0.9999991765666747	0.9941360437842064	0.005863956215793609	0.005863956215793589	HG006	hg38	-1	-2	ont	sentdont
O3_HG006_sup-PAY77227_0-ont-sentdont-DEL_50	DEL_50	O3_HG006_sup-PAY77227_0	3088286401.0	3088071238.0	30985.0	184178.0	177524.0	0.6385480138333925	0.855992898407254	0.9999425162887834	0.4908018202829954	0.5091981797170047	0.5091981797170047	HG006	hg38	-1	-2	ont	sentdont
O3_HG006_sup-PAY77227_0-ont-sentdont-DEL_gt50	DEL_gt50	O3_HG006_sup-PAY77227_0	3088286401.0	3088286362.0	37.0	2.0	767.0	0.004950495049504951	0.05128205128205128	0.9999997516422638	0.9973992197659298	0.002600780234070177	0.002600780234070221	HG006	hg38	-1	-2	ont	sentdont
O3_HG006_sup-PAY77227_0-ont-sentdont-Indel_50	Indel_50	O3_HG006_sup-PAY77227_0	3088286401.0	3088248664.0	5258.0	32479.0	53730.0	0.5240830684330272	0.8606672496488857	0.9999826020923002	0.6232527926318597	0.37674720736814027	0.3767472073681402	HG006	hg38	-1	-2	ont	sentdont
O3_HG006_sup-PAY77227_0-ont-sentdont-Indel_gt50	Indel_gt50	O3_HG006_sup-PAY77227_0	3088286401.0	3088285182.0	86.0	1133.0	2889.0	0.4323602365960694	0.9294503691550451	0.9999990645302725	0.718299353555445	0.28170064644455495	0.28170064644455495	HG006	hg38	-1	-2	ont	sentdont
O3_HG006_sup-PAY77227_0-ont-sentdont-All	All	O3_HG006_sup-PAY77227_0	3088286401.0	3084448476.0	80462.0	3757463.0	1422370.0	0.8333474905846886	0.9790350254369223	0.999539070145517	0.2745976559475952	0.7254023440524048	0.7254023440524048	HG006	hg38	-1	-2	ont	sentdont
O3_HG006_sup-PAY77227_0-ont-sentdont-SNPts	SNPts	O3_HG006_sup-PAY77227_0	377862616.0	377594769.0	773.0	267074.0	44121.0	0.9224684910593705	0.9971140240510441	0.9998831661643747	0.14177927023249087	0.8582207297675091	0.8582207297675091	HG006	clinvar_genes	-1	-2	ont	sentdont
O3_HG006_sup-PAY77227_0-ont-sentdont-SNPtv	SNPtv	O3_HG006_sup-PAY77227_0	377862616.0	377741232.0	473.0	120911.0	26892.0	0.8983420447495607	0.9961032755552627	0.9999288134750088	0.18194488609838771	0.8180551139016123	0.8180551139016122	HG006	clinvar_genes	-1	-2	ont	sentdont
O3_HG006_sup-PAY77227_0-ont-sentdont-INS_50	INS_50	O3_HG006_sup-PAY77227_0	377862616.0	377837532.0	4109.0	20975.0	13784.0	0.701000952492355	0.8361904002551427	0.999963520042365	0.3965591645329267	0.6034408354670733	0.6034408354670733	HG006	clinvar_genes	-1	-2	ont	sentdont
O3_HG006_sup-PAY77227_0-ont-sentdont-INS_gt50	INS_gt50	O3_HG006_sup-PAY77227_0	377862616.0	377862606.0	6.0	4.0	300.0	0.025477707006369425	0.4	0.9999992060612586	0.9868421052631579	0.013157894736842146	0.013157894736842105	HG006	clinvar_genes	-1	-2	ont	sentdont
O3_HG006_sup-PAY77227_0-ont-sentdont-DEL_50	DEL_50	O3_HG006_sup-PAY77227_0	377862616.0	377837825.0	3495.0	21296.0	17694.0	0.6677850770605667	0.8590214190633698	0.9999531725775851	0.4538086688894588	0.5461913311105412	0.5461913311105412	HG006	clinvar_genes	-1	-2	ont	sentdont
O3_HG006_sup-PAY77227_0-ont-sentdont-DEL_gt50	DEL_gt50	O3_HG006_sup-PAY77227_0	377862616.0	377862610.0	5.0	1.0	109.0	0.017241379310344827	0.16666666666666666	0.9999997115354479	0.990909090909091	0.009090909090909038	0.00909090909090909	HG006	clinvar_genes	-1	-2	ont	sentdont
O3_HG006_sup-PAY77227_0-ont-sentdont-Indel_50	Indel_50	O3_HG006_sup-PAY77227_0	377862616.0	377858908.0	535.0	3173.0	5437.0	0.5151810358824483	0.8557173678532902	0.9999856112383401	0.6314750290360046	0.3685249709639954	0.36852497096399534	HG006	clinvar_genes	-1	-2	ont	sentdont
O3_HG006_sup-PAY77227_0-ont-sentdont-Indel_gt50	Indel_gt50	O3_HG006_sup-PAY77227_0	377862616.0	377862496.0	7.0	113.0	288.0	0.4337811900191938	0.9416666666666667	0.9999992378185621	0.7182044887780549	0.2817955112219451	0.2817955112219451	HG006	clinvar_genes	-1	-2	ont	sentdont
O3_HG006_sup-PAY77227_0-ont-sentdont-All	All	O3_HG006_sup-PAY77227_0	377862616.0	377419666.0	9403.0	433547.0	108625.0	0.8801894587675435	0.9787718704142679	0.9997122732187507	0.2003515489549442	0.7996484510450558	0.7996484510450558	HG006	clinvar_genes	-1	-2	ont	sentdont
